"id","creation_time","failed","failed_reason","time_of_death","type","network_id","participant_id","awaiting_async_process","pending_async_processes","failed_async_processes","seed","class","degree","phase","child_id","definition","vertex_id","dependent_vertex_ids","propagate_failure"
"1","2022-11-19 19:54","false","null","null","graph_chain_source","1","null","false","{}","{}","[{""content"": [2, 2, 0, 1, 2, 1, 2, 0, 1], ""is_center"": true, ""vertex_id"": 0}, {""content"": [2, 1, 2, 0, 2, 1, 1, 1, 1], ""is_center"": false, ""vertex_id"": 1}, {""content"": [0, 1, 1, 0, 0, 2, 2, 0, 2], ""is_center"": false, ""vertex_id"": 7}]","CustomSource","0","experiment","null","null","null","null","null"
"2","2022-11-19 19:54","false","null","null","graph_chain_node","1","null","false","{}","{}","[{""content"": [2, 2, 0, 1, 2, 1, 2, 0, 1], ""is_center"": true, ""vertex_id"": 0}, {""content"": [2, 1, 2, 0, 2, 1, 1, 1, 1], ""is_center"": false, ""vertex_id"": 1}, {""content"": [0, 1, 1, 0, 0, 2, 2, 0, 2], ""is_center"": false, ""vertex_id"": 7}]","CustomNode","1","experiment","null","[{""content"": [2, 2, 0, 1, 2, 1, 2, 0, 1], ""is_center"": true, ""vertex_id"": 0}, {""content"": [2, 1, 2, 0, 2, 1, 1, 1, 1], ""is_center"": false, ""vertex_id"": 1}, {""content"": [0, 1, 1, 0, 0, 2, 2, 0, 2], ""is_center"": false, ""vertex_id"": 7}]","0","[1, 7]","true"
"3","2022-11-19 19:54","false","null","null","graph_chain_source","2","null","false","{}","{}","[{""content"": [2, 1, 2, 0, 2, 1, 1, 1, 1], ""is_center"": true, ""vertex_id"": 1}, {""content"": [2, 2, 0, 1, 2, 1, 2, 0, 1], ""is_center"": false, ""vertex_id"": 0}, {""content"": [0, 1, 0, 1, 1, 2, 0, 0, 2], ""is_center"": false, ""vertex_id"": 2}, {""content"": [0, 2, 2, 0, 2, 0, 2, 2, 1], ""is_center"": false, ""vertex_id"": 8}]","CustomSource","0","experiment","null","null","null","null","null"
"4","2022-11-19 19:54","false","null","null","graph_chain_node","2","null","false","{}","{}","[{""content"": [2, 1, 2, 0, 2, 1, 1, 1, 1], ""is_center"": true, ""vertex_id"": 1}, {""content"": [2, 2, 0, 1, 2, 1, 2, 0, 1], ""is_center"": false, ""vertex_id"": 0}, {""content"": [0, 1, 0, 1, 1, 2, 0, 0, 2], ""is_center"": false, ""vertex_id"": 2}, {""content"": [0, 2, 2, 0, 2, 0, 2, 2, 1], ""is_center"": false, ""vertex_id"": 8}]","CustomNode","1","experiment","null","[{""content"": [2, 1, 2, 0, 2, 1, 1, 1, 1], ""is_center"": true, ""vertex_id"": 1}, {""content"": [2, 2, 0, 1, 2, 1, 2, 0, 1], ""is_center"": false, ""vertex_id"": 0}, {""content"": [0, 1, 0, 1, 1, 2, 0, 0, 2], ""is_center"": false, ""vertex_id"": 2}, {""content"": [0, 2, 2, 0, 2, 0, 2, 2, 1], ""is_center"": false, ""vertex_id"": 8}]","1","[0, 2, 8]","true"
"5","2022-11-19 19:54","false","null","null","graph_chain_source","3","null","false","{}","{}","[{""content"": [0, 1, 0, 1, 1, 2, 0, 0, 2], ""is_center"": true, ""vertex_id"": 2}, {""content"": [2, 1, 2, 0, 2, 1, 1, 1, 1], ""is_center"": false, ""vertex_id"": 1}, {""content"": [1, 0, 1, 2, 2, 1, 1, 2, 0], ""is_center"": false, ""vertex_id"": 3}, {""content"": [0, 1, 2, 2, 0, 1, 2, 0, 0], ""is_center"": false, ""vertex_id"": 9}]","CustomSource","0","experiment","null","null","null","null","null"
"6","2022-11-19 19:54","false","null","null","graph_chain_node","3","null","false","{}","{}","[{""content"": [0, 1, 0, 1, 1, 2, 0, 0, 2], ""is_center"": true, ""vertex_id"": 2}, {""content"": [2, 1, 2, 0, 2, 1, 1, 1, 1], ""is_center"": false, ""vertex_id"": 1}, {""content"": [1, 0, 1, 2, 2, 1, 1, 2, 0], ""is_center"": false, ""vertex_id"": 3}, {""content"": [0, 1, 2, 2, 0, 1, 2, 0, 0], ""is_center"": false, ""vertex_id"": 9}]","CustomNode","1","experiment","null","[{""content"": [0, 1, 0, 1, 1, 2, 0, 0, 2], ""is_center"": true, ""vertex_id"": 2}, {""content"": [2, 1, 2, 0, 2, 1, 1, 1, 1], ""is_center"": false, ""vertex_id"": 1}, {""content"": [1, 0, 1, 2, 2, 1, 1, 2, 0], ""is_center"": false, ""vertex_id"": 3}, {""content"": [0, 1, 2, 2, 0, 1, 2, 0, 0], ""is_center"": false, ""vertex_id"": 9}]","2","[1, 3, 9]","true"
"7","2022-11-19 19:54","false","null","null","graph_chain_source","4","null","false","{}","{}","[{""content"": [1, 0, 1, 2, 2, 1, 1, 2, 0], ""is_center"": true, ""vertex_id"": 3}, {""content"": [0, 1, 0, 1, 1, 2, 0, 0, 2], ""is_center"": false, ""vertex_id"": 2}, {""content"": [0, 2, 1, 1, 2, 0, 1, 2, 2], ""is_center"": false, ""vertex_id"": 4}, {""content"": [1, 1, 0, 2, 0, 0, 1, 0, 2], ""is_center"": false, ""vertex_id"": 10}]","CustomSource","0","experiment","null","null","null","null","null"
"8","2022-11-19 19:54","false","null","null","graph_chain_node","4","null","false","{}","{}","[{""content"": [1, 0, 1, 2, 2, 1, 1, 2, 0], ""is_center"": true, ""vertex_id"": 3}, {""content"": [0, 1, 0, 1, 1, 2, 0, 0, 2], ""is_center"": false, ""vertex_id"": 2}, {""content"": [0, 2, 1, 1, 2, 0, 1, 2, 2], ""is_center"": false, ""vertex_id"": 4}, {""content"": [1, 1, 0, 2, 0, 0, 1, 0, 2], ""is_center"": false, ""vertex_id"": 10}]","CustomNode","1","experiment","null","[{""content"": [1, 0, 1, 2, 2, 1, 1, 2, 0], ""is_center"": true, ""vertex_id"": 3}, {""content"": [0, 1, 0, 1, 1, 2, 0, 0, 2], ""is_center"": false, ""vertex_id"": 2}, {""content"": [0, 2, 1, 1, 2, 0, 1, 2, 2], ""is_center"": false, ""vertex_id"": 4}, {""content"": [1, 1, 0, 2, 0, 0, 1, 0, 2], ""is_center"": false, ""vertex_id"": 10}]","3","[2, 4, 10]","true"
"9","2022-11-19 19:54","false","null","null","graph_chain_source","5","null","false","{}","{}","[{""content"": [0, 2, 1, 1, 2, 0, 1, 2, 2], ""is_center"": true, ""vertex_id"": 4}, {""content"": [1, 0, 1, 2, 2, 1, 1, 2, 0], ""is_center"": false, ""vertex_id"": 3}, {""content"": [2, 2, 1, 1, 1, 1, 2, 2, 0], ""is_center"": false, ""vertex_id"": 5}, {""content"": [0, 1, 0, 1, 2, 2, 2, 1, 1], ""is_center"": false, ""vertex_id"": 11}]","CustomSource","0","experiment","null","null","null","null","null"
"10","2022-11-19 19:54","false","null","null","graph_chain_node","5","null","false","{}","{}","[{""content"": [0, 2, 1, 1, 2, 0, 1, 2, 2], ""is_center"": true, ""vertex_id"": 4}, {""content"": [1, 0, 1, 2, 2, 1, 1, 2, 0], ""is_center"": false, ""vertex_id"": 3}, {""content"": [2, 2, 1, 1, 1, 1, 2, 2, 0], ""is_center"": false, ""vertex_id"": 5}, {""content"": [0, 1, 0, 1, 2, 2, 2, 1, 1], ""is_center"": false, ""vertex_id"": 11}]","CustomNode","1","experiment","null","[{""content"": [0, 2, 1, 1, 2, 0, 1, 2, 2], ""is_center"": true, ""vertex_id"": 4}, {""content"": [1, 0, 1, 2, 2, 1, 1, 2, 0], ""is_center"": false, ""vertex_id"": 3}, {""content"": [2, 2, 1, 1, 1, 1, 2, 2, 0], ""is_center"": false, ""vertex_id"": 5}, {""content"": [0, 1, 0, 1, 2, 2, 2, 1, 1], ""is_center"": false, ""vertex_id"": 11}]","4","[3, 5, 11]","true"
"11","2022-11-19 19:54","false","null","null","graph_chain_source","6","null","false","{}","{}","[{""content"": [2, 2, 1, 1, 1, 1, 2, 2, 0], ""is_center"": true, ""vertex_id"": 5}, {""content"": [0, 2, 1, 1, 2, 0, 1, 2, 2], ""is_center"": false, ""vertex_id"": 4}, {""content"": [2, 0, 1, 1, 1, 0, 1, 1, 2], ""is_center"": false, ""vertex_id"": 6}, {""content"": [1, 0, 0, 0, 2, 0, 2, 1, 1], ""is_center"": false, ""vertex_id"": 12}]","CustomSource","0","experiment","null","null","null","null","null"
"12","2022-11-19 19:54","false","null","null","graph_chain_node","6","null","false","{}","{}","[{""content"": [2, 2, 1, 1, 1, 1, 2, 2, 0], ""is_center"": true, ""vertex_id"": 5}, {""content"": [0, 2, 1, 1, 2, 0, 1, 2, 2], ""is_center"": false, ""vertex_id"": 4}, {""content"": [2, 0, 1, 1, 1, 0, 1, 1, 2], ""is_center"": false, ""vertex_id"": 6}, {""content"": [1, 0, 0, 0, 2, 0, 2, 1, 1], ""is_center"": false, ""vertex_id"": 12}]","CustomNode","1","experiment","null","[{""content"": [2, 2, 1, 1, 1, 1, 2, 2, 0], ""is_center"": true, ""vertex_id"": 5}, {""content"": [0, 2, 1, 1, 2, 0, 1, 2, 2], ""is_center"": false, ""vertex_id"": 4}, {""content"": [2, 0, 1, 1, 1, 0, 1, 1, 2], ""is_center"": false, ""vertex_id"": 6}, {""content"": [1, 0, 0, 0, 2, 0, 2, 1, 1], ""is_center"": false, ""vertex_id"": 12}]","5","[4, 6, 12]","true"
"13","2022-11-19 19:54","false","null","null","graph_chain_source","7","null","false","{}","{}","[{""content"": [2, 0, 1, 1, 1, 0, 1, 1, 2], ""is_center"": true, ""vertex_id"": 6}, {""content"": [2, 2, 1, 1, 1, 1, 2, 2, 0], ""is_center"": false, ""vertex_id"": 5}, {""content"": [0, 1, 1, 2, 0, 0, 0, 1, 2], ""is_center"": false, ""vertex_id"": 13}]","CustomSource","0","experiment","null","null","null","null","null"
"14","2022-11-19 19:54","false","null","null","graph_chain_node","7","null","false","{}","{}","[{""content"": [2, 0, 1, 1, 1, 0, 1, 1, 2], ""is_center"": true, ""vertex_id"": 6}, {""content"": [2, 2, 1, 1, 1, 1, 2, 2, 0], ""is_center"": false, ""vertex_id"": 5}, {""content"": [0, 1, 1, 2, 0, 0, 0, 1, 2], ""is_center"": false, ""vertex_id"": 13}]","CustomNode","1","experiment","null","[{""content"": [2, 0, 1, 1, 1, 0, 1, 1, 2], ""is_center"": true, ""vertex_id"": 6}, {""content"": [2, 2, 1, 1, 1, 1, 2, 2, 0], ""is_center"": false, ""vertex_id"": 5}, {""content"": [0, 1, 1, 2, 0, 0, 0, 1, 2], ""is_center"": false, ""vertex_id"": 13}]","6","[5, 13]","true"
"15","2022-11-19 19:54","false","null","null","graph_chain_source","8","null","false","{}","{}","[{""content"": [0, 1, 1, 0, 0, 2, 2, 0, 2], ""is_center"": true, ""vertex_id"": 7}, {""content"": [2, 2, 0, 1, 2, 1, 2, 0, 1], ""is_center"": false, ""vertex_id"": 0}, {""content"": [0, 2, 2, 0, 2, 0, 2, 2, 1], ""is_center"": false, ""vertex_id"": 8}, {""content"": [0, 0, 0, 2, 0, 2, 0, 0, 1], ""is_center"": false, ""vertex_id"": 14}]","CustomSource","0","experiment","null","null","null","null","null"
"16","2022-11-19 19:54","false","null","null","graph_chain_node","8","null","false","{}","{}","[{""content"": [0, 1, 1, 0, 0, 2, 2, 0, 2], ""is_center"": true, ""vertex_id"": 7}, {""content"": [2, 2, 0, 1, 2, 1, 2, 0, 1], ""is_center"": false, ""vertex_id"": 0}, {""content"": [0, 2, 2, 0, 2, 0, 2, 2, 1], ""is_center"": false, ""vertex_id"": 8}, {""content"": [0, 0, 0, 2, 0, 2, 0, 0, 1], ""is_center"": false, ""vertex_id"": 14}]","CustomNode","1","experiment","null","[{""content"": [0, 1, 1, 0, 0, 2, 2, 0, 2], ""is_center"": true, ""vertex_id"": 7}, {""content"": [2, 2, 0, 1, 2, 1, 2, 0, 1], ""is_center"": false, ""vertex_id"": 0}, {""content"": [0, 2, 2, 0, 2, 0, 2, 2, 1], ""is_center"": false, ""vertex_id"": 8}, {""content"": [0, 0, 0, 2, 0, 2, 0, 0, 1], ""is_center"": false, ""vertex_id"": 14}]","7","[0, 8, 14]","true"
"17","2022-11-19 19:54","false","null","null","graph_chain_source","9","null","false","{}","{}","[{""content"": [0, 2, 2, 0, 2, 0, 2, 2, 1], ""is_center"": true, ""vertex_id"": 8}, {""content"": [0, 1, 1, 0, 0, 2, 2, 0, 2], ""is_center"": false, ""vertex_id"": 7}, {""content"": [2, 1, 2, 0, 2, 1, 1, 1, 1], ""is_center"": false, ""vertex_id"": 1}, {""content"": [0, 1, 2, 2, 0, 1, 2, 0, 0], ""is_center"": false, ""vertex_id"": 9}, {""content"": [1, 0, 2, 0, 2, 2, 2, 0, 0], ""is_center"": false, ""vertex_id"": 15}]","CustomSource","0","experiment","null","null","null","null","null"
"18","2022-11-19 19:54","false","null","null","graph_chain_node","9","null","false","{}","{}","[{""content"": [0, 2, 2, 0, 2, 0, 2, 2, 1], ""is_center"": true, ""vertex_id"": 8}, {""content"": [0, 1, 1, 0, 0, 2, 2, 0, 2], ""is_center"": false, ""vertex_id"": 7}, {""content"": [2, 1, 2, 0, 2, 1, 1, 1, 1], ""is_center"": false, ""vertex_id"": 1}, {""content"": [0, 1, 2, 2, 0, 1, 2, 0, 0], ""is_center"": false, ""vertex_id"": 9}, {""content"": [1, 0, 2, 0, 2, 2, 2, 0, 0], ""is_center"": false, ""vertex_id"": 15}]","CustomNode","1","experiment","null","[{""content"": [0, 2, 2, 0, 2, 0, 2, 2, 1], ""is_center"": true, ""vertex_id"": 8}, {""content"": [0, 1, 1, 0, 0, 2, 2, 0, 2], ""is_center"": false, ""vertex_id"": 7}, {""content"": [2, 1, 2, 0, 2, 1, 1, 1, 1], ""is_center"": false, ""vertex_id"": 1}, {""content"": [0, 1, 2, 2, 0, 1, 2, 0, 0], ""is_center"": false, ""vertex_id"": 9}, {""content"": [1, 0, 2, 0, 2, 2, 2, 0, 0], ""is_center"": false, ""vertex_id"": 15}]","8","[7, 1, 9, 15]","true"
"19","2022-11-19 19:54","false","null","null","graph_chain_source","10","null","false","{}","{}","[{""content"": [0, 1, 2, 2, 0, 1, 2, 0, 0], ""is_center"": true, ""vertex_id"": 9}, {""content"": [0, 2, 2, 0, 2, 0, 2, 2, 1], ""is_center"": false, ""vertex_id"": 8}, {""content"": [0, 1, 0, 1, 1, 2, 0, 0, 2], ""is_center"": false, ""vertex_id"": 2}, {""content"": [1, 1, 0, 2, 0, 0, 1, 0, 2], ""is_center"": false, ""vertex_id"": 10}, {""content"": [2, 1, 0, 0, 2, 1, 2, 1, 1], ""is_center"": false, ""vertex_id"": 16}]","CustomSource","0","experiment","null","null","null","null","null"
"20","2022-11-19 19:54","false","null","null","graph_chain_node","10","null","false","{}","{}","[{""content"": [0, 1, 2, 2, 0, 1, 2, 0, 0], ""is_center"": true, ""vertex_id"": 9}, {""content"": [0, 2, 2, 0, 2, 0, 2, 2, 1], ""is_center"": false, ""vertex_id"": 8}, {""content"": [0, 1, 0, 1, 1, 2, 0, 0, 2], ""is_center"": false, ""vertex_id"": 2}, {""content"": [1, 1, 0, 2, 0, 0, 1, 0, 2], ""is_center"": false, ""vertex_id"": 10}, {""content"": [2, 1, 0, 0, 2, 1, 2, 1, 1], ""is_center"": false, ""vertex_id"": 16}]","CustomNode","1","experiment","null","[{""content"": [0, 1, 2, 2, 0, 1, 2, 0, 0], ""is_center"": true, ""vertex_id"": 9}, {""content"": [0, 2, 2, 0, 2, 0, 2, 2, 1], ""is_center"": false, ""vertex_id"": 8}, {""content"": [0, 1, 0, 1, 1, 2, 0, 0, 2], ""is_center"": false, ""vertex_id"": 2}, {""content"": [1, 1, 0, 2, 0, 0, 1, 0, 2], ""is_center"": false, ""vertex_id"": 10}, {""content"": [2, 1, 0, 0, 2, 1, 2, 1, 1], ""is_center"": false, ""vertex_id"": 16}]","9","[8, 2, 10, 16]","true"
"21","2022-11-19 19:54","false","null","null","graph_chain_source","11","null","false","{}","{}","[{""content"": [1, 1, 0, 2, 0, 0, 1, 0, 2], ""is_center"": true, ""vertex_id"": 10}, {""content"": [0, 1, 2, 2, 0, 1, 2, 0, 0], ""is_center"": false, ""vertex_id"": 9}, {""content"": [1, 0, 1, 2, 2, 1, 1, 2, 0], ""is_center"": false, ""vertex_id"": 3}, {""content"": [0, 1, 0, 1, 2, 2, 2, 1, 1], ""is_center"": false, ""vertex_id"": 11}, {""content"": [0, 0, 0, 2, 1, 0, 2, 0, 0], ""is_center"": false, ""vertex_id"": 17}]","CustomSource","0","experiment","null","null","null","null","null"
"22","2022-11-19 19:54","false","null","null","graph_chain_node","11","null","false","{}","{}","[{""content"": [1, 1, 0, 2, 0, 0, 1, 0, 2], ""is_center"": true, ""vertex_id"": 10}, {""content"": [0, 1, 2, 2, 0, 1, 2, 0, 0], ""is_center"": false, ""vertex_id"": 9}, {""content"": [1, 0, 1, 2, 2, 1, 1, 2, 0], ""is_center"": false, ""vertex_id"": 3}, {""content"": [0, 1, 0, 1, 2, 2, 2, 1, 1], ""is_center"": false, ""vertex_id"": 11}, {""content"": [0, 0, 0, 2, 1, 0, 2, 0, 0], ""is_center"": false, ""vertex_id"": 17}]","CustomNode","1","experiment","null","[{""content"": [1, 1, 0, 2, 0, 0, 1, 0, 2], ""is_center"": true, ""vertex_id"": 10}, {""content"": [0, 1, 2, 2, 0, 1, 2, 0, 0], ""is_center"": false, ""vertex_id"": 9}, {""content"": [1, 0, 1, 2, 2, 1, 1, 2, 0], ""is_center"": false, ""vertex_id"": 3}, {""content"": [0, 1, 0, 1, 2, 2, 2, 1, 1], ""is_center"": false, ""vertex_id"": 11}, {""content"": [0, 0, 0, 2, 1, 0, 2, 0, 0], ""is_center"": false, ""vertex_id"": 17}]","10","[9, 3, 11, 17]","true"
"23","2022-11-19 19:54","false","null","null","graph_chain_source","12","null","false","{}","{}","[{""content"": [0, 1, 0, 1, 2, 2, 2, 1, 1], ""is_center"": true, ""vertex_id"": 11}, {""content"": [1, 1, 0, 2, 0, 0, 1, 0, 2], ""is_center"": false, ""vertex_id"": 10}, {""content"": [0, 2, 1, 1, 2, 0, 1, 2, 2], ""is_center"": false, ""vertex_id"": 4}, {""content"": [1, 0, 0, 0, 2, 0, 2, 1, 1], ""is_center"": false, ""vertex_id"": 12}, {""content"": [1, 2, 1, 0, 0, 1, 0, 0, 2], ""is_center"": false, ""vertex_id"": 18}]","CustomSource","0","experiment","null","null","null","null","null"
"24","2022-11-19 19:54","false","null","null","graph_chain_node","12","null","false","{}","{}","[{""content"": [0, 1, 0, 1, 2, 2, 2, 1, 1], ""is_center"": true, ""vertex_id"": 11}, {""content"": [1, 1, 0, 2, 0, 0, 1, 0, 2], ""is_center"": false, ""vertex_id"": 10}, {""content"": [0, 2, 1, 1, 2, 0, 1, 2, 2], ""is_center"": false, ""vertex_id"": 4}, {""content"": [1, 0, 0, 0, 2, 0, 2, 1, 1], ""is_center"": false, ""vertex_id"": 12}, {""content"": [1, 2, 1, 0, 0, 1, 0, 0, 2], ""is_center"": false, ""vertex_id"": 18}]","CustomNode","1","experiment","null","[{""content"": [0, 1, 0, 1, 2, 2, 2, 1, 1], ""is_center"": true, ""vertex_id"": 11}, {""content"": [1, 1, 0, 2, 0, 0, 1, 0, 2], ""is_center"": false, ""vertex_id"": 10}, {""content"": [0, 2, 1, 1, 2, 0, 1, 2, 2], ""is_center"": false, ""vertex_id"": 4}, {""content"": [1, 0, 0, 0, 2, 0, 2, 1, 1], ""is_center"": false, ""vertex_id"": 12}, {""content"": [1, 2, 1, 0, 0, 1, 0, 0, 2], ""is_center"": false, ""vertex_id"": 18}]","11","[10, 4, 12, 18]","true"
"25","2022-11-19 19:54","false","null","null","graph_chain_source","13","null","false","{}","{}","[{""content"": [1, 0, 0, 0, 2, 0, 2, 1, 1], ""is_center"": true, ""vertex_id"": 12}, {""content"": [0, 1, 0, 1, 2, 2, 2, 1, 1], ""is_center"": false, ""vertex_id"": 11}, {""content"": [2, 2, 1, 1, 1, 1, 2, 2, 0], ""is_center"": false, ""vertex_id"": 5}, {""content"": [0, 1, 1, 2, 0, 0, 0, 1, 2], ""is_center"": false, ""vertex_id"": 13}, {""content"": [2, 0, 0, 2, 1, 1, 0, 1, 2], ""is_center"": false, ""vertex_id"": 19}]","CustomSource","0","experiment","null","null","null","null","null"
"26","2022-11-19 19:54","false","null","null","graph_chain_node","13","null","false","{}","{}","[{""content"": [1, 0, 0, 0, 2, 0, 2, 1, 1], ""is_center"": true, ""vertex_id"": 12}, {""content"": [0, 1, 0, 1, 2, 2, 2, 1, 1], ""is_center"": false, ""vertex_id"": 11}, {""content"": [2, 2, 1, 1, 1, 1, 2, 2, 0], ""is_center"": false, ""vertex_id"": 5}, {""content"": [0, 1, 1, 2, 0, 0, 0, 1, 2], ""is_center"": false, ""vertex_id"": 13}, {""content"": [2, 0, 0, 2, 1, 1, 0, 1, 2], ""is_center"": false, ""vertex_id"": 19}]","CustomNode","1","experiment","null","[{""content"": [1, 0, 0, 0, 2, 0, 2, 1, 1], ""is_center"": true, ""vertex_id"": 12}, {""content"": [0, 1, 0, 1, 2, 2, 2, 1, 1], ""is_center"": false, ""vertex_id"": 11}, {""content"": [2, 2, 1, 1, 1, 1, 2, 2, 0], ""is_center"": false, ""vertex_id"": 5}, {""content"": [0, 1, 1, 2, 0, 0, 0, 1, 2], ""is_center"": false, ""vertex_id"": 13}, {""content"": [2, 0, 0, 2, 1, 1, 0, 1, 2], ""is_center"": false, ""vertex_id"": 19}]","12","[11, 5, 13, 19]","true"
"27","2022-11-19 19:54","false","null","null","graph_chain_source","14","null","false","{}","{}","[{""content"": [0, 1, 1, 2, 0, 0, 0, 1, 2], ""is_center"": true, ""vertex_id"": 13}, {""content"": [1, 0, 0, 0, 2, 0, 2, 1, 1], ""is_center"": false, ""vertex_id"": 12}, {""content"": [2, 0, 1, 1, 1, 0, 1, 1, 2], ""is_center"": false, ""vertex_id"": 6}, {""content"": [0, 0, 0, 0, 2, 0, 1, 0, 0], ""is_center"": false, ""vertex_id"": 20}]","CustomSource","0","experiment","null","null","null","null","null"
"28","2022-11-19 19:54","false","null","null","graph_chain_node","14","null","false","{}","{}","[{""content"": [0, 1, 1, 2, 0, 0, 0, 1, 2], ""is_center"": true, ""vertex_id"": 13}, {""content"": [1, 0, 0, 0, 2, 0, 2, 1, 1], ""is_center"": false, ""vertex_id"": 12}, {""content"": [2, 0, 1, 1, 1, 0, 1, 1, 2], ""is_center"": false, ""vertex_id"": 6}, {""content"": [0, 0, 0, 0, 2, 0, 1, 0, 0], ""is_center"": false, ""vertex_id"": 20}]","CustomNode","1","experiment","null","[{""content"": [0, 1, 1, 2, 0, 0, 0, 1, 2], ""is_center"": true, ""vertex_id"": 13}, {""content"": [1, 0, 0, 0, 2, 0, 2, 1, 1], ""is_center"": false, ""vertex_id"": 12}, {""content"": [2, 0, 1, 1, 1, 0, 1, 1, 2], ""is_center"": false, ""vertex_id"": 6}, {""content"": [0, 0, 0, 0, 2, 0, 1, 0, 0], ""is_center"": false, ""vertex_id"": 20}]","13","[12, 6, 20]","true"
"29","2022-11-19 19:54","false","null","null","graph_chain_source","15","null","false","{}","{}","[{""content"": [0, 0, 0, 2, 0, 2, 0, 0, 1], ""is_center"": true, ""vertex_id"": 14}, {""content"": [0, 1, 1, 0, 0, 2, 2, 0, 2], ""is_center"": false, ""vertex_id"": 7}, {""content"": [1, 0, 2, 0, 2, 2, 2, 0, 0], ""is_center"": false, ""vertex_id"": 15}, {""content"": [0, 0, 0, 0, 0, 1, 2, 2, 1], ""is_center"": false, ""vertex_id"": 21}]","CustomSource","0","experiment","null","null","null","null","null"
"30","2022-11-19 19:54","false","null","null","graph_chain_node","15","null","false","{}","{}","[{""content"": [0, 0, 0, 2, 0, 2, 0, 0, 1], ""is_center"": true, ""vertex_id"": 14}, {""content"": [0, 1, 1, 0, 0, 2, 2, 0, 2], ""is_center"": false, ""vertex_id"": 7}, {""content"": [1, 0, 2, 0, 2, 2, 2, 0, 0], ""is_center"": false, ""vertex_id"": 15}, {""content"": [0, 0, 0, 0, 0, 1, 2, 2, 1], ""is_center"": false, ""vertex_id"": 21}]","CustomNode","1","experiment","null","[{""content"": [0, 0, 0, 2, 0, 2, 0, 0, 1], ""is_center"": true, ""vertex_id"": 14}, {""content"": [0, 1, 1, 0, 0, 2, 2, 0, 2], ""is_center"": false, ""vertex_id"": 7}, {""content"": [1, 0, 2, 0, 2, 2, 2, 0, 0], ""is_center"": false, ""vertex_id"": 15}, {""content"": [0, 0, 0, 0, 0, 1, 2, 2, 1], ""is_center"": false, ""vertex_id"": 21}]","14","[7, 15, 21]","true"
"31","2022-11-19 19:54","false","null","null","graph_chain_source","16","null","false","{}","{}","[{""content"": [1, 0, 2, 0, 2, 2, 2, 0, 0], ""is_center"": true, ""vertex_id"": 15}, {""content"": [0, 0, 0, 2, 0, 2, 0, 0, 1], ""is_center"": false, ""vertex_id"": 14}, {""content"": [0, 2, 2, 0, 2, 0, 2, 2, 1], ""is_center"": false, ""vertex_id"": 8}, {""content"": [2, 1, 0, 0, 2, 1, 2, 1, 1], ""is_center"": false, ""vertex_id"": 16}, {""content"": [1, 2, 0, 0, 0, 2, 2, 1, 2], ""is_center"": false, ""vertex_id"": 22}]","CustomSource","0","experiment","null","null","null","null","null"
"32","2022-11-19 19:54","false","null","null","graph_chain_node","16","null","false","{}","{}","[{""content"": [1, 0, 2, 0, 2, 2, 2, 0, 0], ""is_center"": true, ""vertex_id"": 15}, {""content"": [0, 0, 0, 2, 0, 2, 0, 0, 1], ""is_center"": false, ""vertex_id"": 14}, {""content"": [0, 2, 2, 0, 2, 0, 2, 2, 1], ""is_center"": false, ""vertex_id"": 8}, {""content"": [2, 1, 0, 0, 2, 1, 2, 1, 1], ""is_center"": false, ""vertex_id"": 16}, {""content"": [1, 2, 0, 0, 0, 2, 2, 1, 2], ""is_center"": false, ""vertex_id"": 22}]","CustomNode","1","experiment","null","[{""content"": [1, 0, 2, 0, 2, 2, 2, 0, 0], ""is_center"": true, ""vertex_id"": 15}, {""content"": [0, 0, 0, 2, 0, 2, 0, 0, 1], ""is_center"": false, ""vertex_id"": 14}, {""content"": [0, 2, 2, 0, 2, 0, 2, 2, 1], ""is_center"": false, ""vertex_id"": 8}, {""content"": [2, 1, 0, 0, 2, 1, 2, 1, 1], ""is_center"": false, ""vertex_id"": 16}, {""content"": [1, 2, 0, 0, 0, 2, 2, 1, 2], ""is_center"": false, ""vertex_id"": 22}]","15","[14, 8, 16, 22]","true"
"33","2022-11-19 19:54","false","null","null","graph_chain_source","17","null","false","{}","{}","[{""content"": [2, 1, 0, 0, 2, 1, 2, 1, 1], ""is_center"": true, ""vertex_id"": 16}, {""content"": [1, 0, 2, 0, 2, 2, 2, 0, 0], ""is_center"": false, ""vertex_id"": 15}, {""content"": [0, 1, 2, 2, 0, 1, 2, 0, 0], ""is_center"": false, ""vertex_id"": 9}, {""content"": [0, 0, 0, 2, 1, 0, 2, 0, 0], ""is_center"": false, ""vertex_id"": 17}, {""content"": [2, 1, 0, 2, 2, 0, 1, 0, 2], ""is_center"": false, ""vertex_id"": 23}]","CustomSource","0","experiment","null","null","null","null","null"
"34","2022-11-19 19:54","false","null","null","graph_chain_node","17","null","false","{}","{}","[{""content"": [2, 1, 0, 0, 2, 1, 2, 1, 1], ""is_center"": true, ""vertex_id"": 16}, {""content"": [1, 0, 2, 0, 2, 2, 2, 0, 0], ""is_center"": false, ""vertex_id"": 15}, {""content"": [0, 1, 2, 2, 0, 1, 2, 0, 0], ""is_center"": false, ""vertex_id"": 9}, {""content"": [0, 0, 0, 2, 1, 0, 2, 0, 0], ""is_center"": false, ""vertex_id"": 17}, {""content"": [2, 1, 0, 2, 2, 0, 1, 0, 2], ""is_center"": false, ""vertex_id"": 23}]","CustomNode","1","experiment","null","[{""content"": [2, 1, 0, 0, 2, 1, 2, 1, 1], ""is_center"": true, ""vertex_id"": 16}, {""content"": [1, 0, 2, 0, 2, 2, 2, 0, 0], ""is_center"": false, ""vertex_id"": 15}, {""content"": [0, 1, 2, 2, 0, 1, 2, 0, 0], ""is_center"": false, ""vertex_id"": 9}, {""content"": [0, 0, 0, 2, 1, 0, 2, 0, 0], ""is_center"": false, ""vertex_id"": 17}, {""content"": [2, 1, 0, 2, 2, 0, 1, 0, 2], ""is_center"": false, ""vertex_id"": 23}]","16","[15, 9, 17, 23]","true"
"35","2022-11-19 19:54","false","null","null","graph_chain_source","18","null","false","{}","{}","[{""content"": [0, 0, 0, 2, 1, 0, 2, 0, 0], ""is_center"": true, ""vertex_id"": 17}, {""content"": [2, 1, 0, 0, 2, 1, 2, 1, 1], ""is_center"": false, ""vertex_id"": 16}, {""content"": [1, 1, 0, 2, 0, 0, 1, 0, 2], ""is_center"": false, ""vertex_id"": 10}, {""content"": [1, 2, 1, 0, 0, 1, 0, 0, 2], ""is_center"": false, ""vertex_id"": 18}, {""content"": [1, 0, 2, 0, 2, 2, 1, 1, 2], ""is_center"": false, ""vertex_id"": 24}]","CustomSource","0","experiment","null","null","null","null","null"
"36","2022-11-19 19:54","false","null","null","graph_chain_node","18","null","false","{}","{}","[{""content"": [0, 0, 0, 2, 1, 0, 2, 0, 0], ""is_center"": true, ""vertex_id"": 17}, {""content"": [2, 1, 0, 0, 2, 1, 2, 1, 1], ""is_center"": false, ""vertex_id"": 16}, {""content"": [1, 1, 0, 2, 0, 0, 1, 0, 2], ""is_center"": false, ""vertex_id"": 10}, {""content"": [1, 2, 1, 0, 0, 1, 0, 0, 2], ""is_center"": false, ""vertex_id"": 18}, {""content"": [1, 0, 2, 0, 2, 2, 1, 1, 2], ""is_center"": false, ""vertex_id"": 24}]","CustomNode","1","experiment","null","[{""content"": [0, 0, 0, 2, 1, 0, 2, 0, 0], ""is_center"": true, ""vertex_id"": 17}, {""content"": [2, 1, 0, 0, 2, 1, 2, 1, 1], ""is_center"": false, ""vertex_id"": 16}, {""content"": [1, 1, 0, 2, 0, 0, 1, 0, 2], ""is_center"": false, ""vertex_id"": 10}, {""content"": [1, 2, 1, 0, 0, 1, 0, 0, 2], ""is_center"": false, ""vertex_id"": 18}, {""content"": [1, 0, 2, 0, 2, 2, 1, 1, 2], ""is_center"": false, ""vertex_id"": 24}]","17","[16, 10, 18, 24]","true"
"37","2022-11-19 19:54","false","null","null","graph_chain_source","19","null","false","{}","{}","[{""content"": [1, 2, 1, 0, 0, 1, 0, 0, 2], ""is_center"": true, ""vertex_id"": 18}, {""content"": [0, 0, 0, 2, 1, 0, 2, 0, 0], ""is_center"": false, ""vertex_id"": 17}, {""content"": [0, 1, 0, 1, 2, 2, 2, 1, 1], ""is_center"": false, ""vertex_id"": 11}, {""content"": [2, 0, 0, 2, 1, 1, 0, 1, 2], ""is_center"": false, ""vertex_id"": 19}, {""content"": [2, 0, 2, 1, 0, 1, 0, 0, 0], ""is_center"": false, ""vertex_id"": 25}]","CustomSource","0","experiment","null","null","null","null","null"
"38","2022-11-19 19:54","false","null","null","graph_chain_node","19","null","false","{}","{}","[{""content"": [1, 2, 1, 0, 0, 1, 0, 0, 2], ""is_center"": true, ""vertex_id"": 18}, {""content"": [0, 0, 0, 2, 1, 0, 2, 0, 0], ""is_center"": false, ""vertex_id"": 17}, {""content"": [0, 1, 0, 1, 2, 2, 2, 1, 1], ""is_center"": false, ""vertex_id"": 11}, {""content"": [2, 0, 0, 2, 1, 1, 0, 1, 2], ""is_center"": false, ""vertex_id"": 19}, {""content"": [2, 0, 2, 1, 0, 1, 0, 0, 0], ""is_center"": false, ""vertex_id"": 25}]","CustomNode","1","experiment","null","[{""content"": [1, 2, 1, 0, 0, 1, 0, 0, 2], ""is_center"": true, ""vertex_id"": 18}, {""content"": [0, 0, 0, 2, 1, 0, 2, 0, 0], ""is_center"": false, ""vertex_id"": 17}, {""content"": [0, 1, 0, 1, 2, 2, 2, 1, 1], ""is_center"": false, ""vertex_id"": 11}, {""content"": [2, 0, 0, 2, 1, 1, 0, 1, 2], ""is_center"": false, ""vertex_id"": 19}, {""content"": [2, 0, 2, 1, 0, 1, 0, 0, 0], ""is_center"": false, ""vertex_id"": 25}]","18","[17, 11, 19, 25]","true"
"39","2022-11-19 19:54","false","null","null","graph_chain_source","20","null","false","{}","{}","[{""content"": [2, 0, 0, 2, 1, 1, 0, 1, 2], ""is_center"": true, ""vertex_id"": 19}, {""content"": [1, 2, 1, 0, 0, 1, 0, 0, 2], ""is_center"": false, ""vertex_id"": 18}, {""content"": [1, 0, 0, 0, 2, 0, 2, 1, 1], ""is_center"": false, ""vertex_id"": 12}, {""content"": [0, 0, 0, 0, 2, 0, 1, 0, 0], ""is_center"": false, ""vertex_id"": 20}, {""content"": [2, 1, 2, 0, 1, 1, 2, 2, 0], ""is_center"": false, ""vertex_id"": 26}]","CustomSource","0","experiment","null","null","null","null","null"
"40","2022-11-19 19:54","false","null","null","graph_chain_node","20","null","false","{}","{}","[{""content"": [2, 0, 0, 2, 1, 1, 0, 1, 2], ""is_center"": true, ""vertex_id"": 19}, {""content"": [1, 2, 1, 0, 0, 1, 0, 0, 2], ""is_center"": false, ""vertex_id"": 18}, {""content"": [1, 0, 0, 0, 2, 0, 2, 1, 1], ""is_center"": false, ""vertex_id"": 12}, {""content"": [0, 0, 0, 0, 2, 0, 1, 0, 0], ""is_center"": false, ""vertex_id"": 20}, {""content"": [2, 1, 2, 0, 1, 1, 2, 2, 0], ""is_center"": false, ""vertex_id"": 26}]","CustomNode","1","experiment","null","[{""content"": [2, 0, 0, 2, 1, 1, 0, 1, 2], ""is_center"": true, ""vertex_id"": 19}, {""content"": [1, 2, 1, 0, 0, 1, 0, 0, 2], ""is_center"": false, ""vertex_id"": 18}, {""content"": [1, 0, 0, 0, 2, 0, 2, 1, 1], ""is_center"": false, ""vertex_id"": 12}, {""content"": [0, 0, 0, 0, 2, 0, 1, 0, 0], ""is_center"": false, ""vertex_id"": 20}, {""content"": [2, 1, 2, 0, 1, 1, 2, 2, 0], ""is_center"": false, ""vertex_id"": 26}]","19","[18, 12, 20, 26]","true"
"41","2022-11-19 19:54","false","null","null","graph_chain_source","21","null","false","{}","{}","[{""content"": [0, 0, 0, 0, 2, 0, 1, 0, 0], ""is_center"": true, ""vertex_id"": 20}, {""content"": [2, 0, 0, 2, 1, 1, 0, 1, 2], ""is_center"": false, ""vertex_id"": 19}, {""content"": [0, 1, 1, 2, 0, 0, 0, 1, 2], ""is_center"": false, ""vertex_id"": 13}, {""content"": [1, 2, 2, 2, 0, 1, 1, 0, 2], ""is_center"": false, ""vertex_id"": 27}]","CustomSource","0","experiment","null","null","null","null","null"
"42","2022-11-19 19:54","false","null","null","graph_chain_node","21","null","false","{}","{}","[{""content"": [0, 0, 0, 0, 2, 0, 1, 0, 0], ""is_center"": true, ""vertex_id"": 20}, {""content"": [2, 0, 0, 2, 1, 1, 0, 1, 2], ""is_center"": false, ""vertex_id"": 19}, {""content"": [0, 1, 1, 2, 0, 0, 0, 1, 2], ""is_center"": false, ""vertex_id"": 13}, {""content"": [1, 2, 2, 2, 0, 1, 1, 0, 2], ""is_center"": false, ""vertex_id"": 27}]","CustomNode","1","experiment","null","[{""content"": [0, 0, 0, 0, 2, 0, 1, 0, 0], ""is_center"": true, ""vertex_id"": 20}, {""content"": [2, 0, 0, 2, 1, 1, 0, 1, 2], ""is_center"": false, ""vertex_id"": 19}, {""content"": [0, 1, 1, 2, 0, 0, 0, 1, 2], ""is_center"": false, ""vertex_id"": 13}, {""content"": [1, 2, 2, 2, 0, 1, 1, 0, 2], ""is_center"": false, ""vertex_id"": 27}]","20","[19, 13, 27]","true"
"43","2022-11-19 19:54","false","null","null","graph_chain_source","22","null","false","{}","{}","[{""content"": [0, 0, 0, 0, 0, 1, 2, 2, 1], ""is_center"": true, ""vertex_id"": 21}, {""content"": [0, 0, 0, 2, 0, 2, 0, 0, 1], ""is_center"": false, ""vertex_id"": 14}, {""content"": [1, 2, 0, 0, 0, 2, 2, 1, 2], ""is_center"": false, ""vertex_id"": 22}, {""content"": [2, 1, 2, 2, 0, 0, 2, 1, 0], ""is_center"": false, ""vertex_id"": 28}]","CustomSource","0","experiment","null","null","null","null","null"
"44","2022-11-19 19:54","false","null","null","graph_chain_node","22","null","false","{}","{}","[{""content"": [0, 0, 0, 0, 0, 1, 2, 2, 1], ""is_center"": true, ""vertex_id"": 21}, {""content"": [0, 0, 0, 2, 0, 2, 0, 0, 1], ""is_center"": false, ""vertex_id"": 14}, {""content"": [1, 2, 0, 0, 0, 2, 2, 1, 2], ""is_center"": false, ""vertex_id"": 22}, {""content"": [2, 1, 2, 2, 0, 0, 2, 1, 0], ""is_center"": false, ""vertex_id"": 28}]","CustomNode","1","experiment","null","[{""content"": [0, 0, 0, 0, 0, 1, 2, 2, 1], ""is_center"": true, ""vertex_id"": 21}, {""content"": [0, 0, 0, 2, 0, 2, 0, 0, 1], ""is_center"": false, ""vertex_id"": 14}, {""content"": [1, 2, 0, 0, 0, 2, 2, 1, 2], ""is_center"": false, ""vertex_id"": 22}, {""content"": [2, 1, 2, 2, 0, 0, 2, 1, 0], ""is_center"": false, ""vertex_id"": 28}]","21","[14, 22, 28]","true"
"45","2022-11-19 19:54","false","null","null","graph_chain_source","23","null","false","{}","{}","[{""content"": [1, 2, 0, 0, 0, 2, 2, 1, 2], ""is_center"": true, ""vertex_id"": 22}, {""content"": [0, 0, 0, 0, 0, 1, 2, 2, 1], ""is_center"": false, ""vertex_id"": 21}, {""content"": [1, 0, 2, 0, 2, 2, 2, 0, 0], ""is_center"": false, ""vertex_id"": 15}, {""content"": [2, 1, 0, 2, 2, 0, 1, 0, 2], ""is_center"": false, ""vertex_id"": 23}, {""content"": [0, 1, 1, 0, 1, 0, 0, 0, 0], ""is_center"": false, ""vertex_id"": 29}]","CustomSource","0","experiment","null","null","null","null","null"
"46","2022-11-19 19:54","false","null","null","graph_chain_node","23","null","false","{}","{}","[{""content"": [1, 2, 0, 0, 0, 2, 2, 1, 2], ""is_center"": true, ""vertex_id"": 22}, {""content"": [0, 0, 0, 0, 0, 1, 2, 2, 1], ""is_center"": false, ""vertex_id"": 21}, {""content"": [1, 0, 2, 0, 2, 2, 2, 0, 0], ""is_center"": false, ""vertex_id"": 15}, {""content"": [2, 1, 0, 2, 2, 0, 1, 0, 2], ""is_center"": false, ""vertex_id"": 23}, {""content"": [0, 1, 1, 0, 1, 0, 0, 0, 0], ""is_center"": false, ""vertex_id"": 29}]","CustomNode","1","experiment","null","[{""content"": [1, 2, 0, 0, 0, 2, 2, 1, 2], ""is_center"": true, ""vertex_id"": 22}, {""content"": [0, 0, 0, 0, 0, 1, 2, 2, 1], ""is_center"": false, ""vertex_id"": 21}, {""content"": [1, 0, 2, 0, 2, 2, 2, 0, 0], ""is_center"": false, ""vertex_id"": 15}, {""content"": [2, 1, 0, 2, 2, 0, 1, 0, 2], ""is_center"": false, ""vertex_id"": 23}, {""content"": [0, 1, 1, 0, 1, 0, 0, 0, 0], ""is_center"": false, ""vertex_id"": 29}]","22","[21, 15, 23, 29]","true"
"47","2022-11-19 19:54","false","null","null","graph_chain_source","24","null","false","{}","{}","[{""content"": [2, 1, 0, 2, 2, 0, 1, 0, 2], ""is_center"": true, ""vertex_id"": 23}, {""content"": [1, 2, 0, 0, 0, 2, 2, 1, 2], ""is_center"": false, ""vertex_id"": 22}, {""content"": [2, 1, 0, 0, 2, 1, 2, 1, 1], ""is_center"": false, ""vertex_id"": 16}, {""content"": [1, 0, 2, 0, 2, 2, 1, 1, 2], ""is_center"": false, ""vertex_id"": 24}, {""content"": [0, 2, 0, 2, 0, 2, 1, 2, 2], ""is_center"": false, ""vertex_id"": 30}]","CustomSource","0","experiment","null","null","null","null","null"
"48","2022-11-19 19:54","false","null","null","graph_chain_node","24","null","false","{}","{}","[{""content"": [2, 1, 0, 2, 2, 0, 1, 0, 2], ""is_center"": true, ""vertex_id"": 23}, {""content"": [1, 2, 0, 0, 0, 2, 2, 1, 2], ""is_center"": false, ""vertex_id"": 22}, {""content"": [2, 1, 0, 0, 2, 1, 2, 1, 1], ""is_center"": false, ""vertex_id"": 16}, {""content"": [1, 0, 2, 0, 2, 2, 1, 1, 2], ""is_center"": false, ""vertex_id"": 24}, {""content"": [0, 2, 0, 2, 0, 2, 1, 2, 2], ""is_center"": false, ""vertex_id"": 30}]","CustomNode","1","experiment","null","[{""content"": [2, 1, 0, 2, 2, 0, 1, 0, 2], ""is_center"": true, ""vertex_id"": 23}, {""content"": [1, 2, 0, 0, 0, 2, 2, 1, 2], ""is_center"": false, ""vertex_id"": 22}, {""content"": [2, 1, 0, 0, 2, 1, 2, 1, 1], ""is_center"": false, ""vertex_id"": 16}, {""content"": [1, 0, 2, 0, 2, 2, 1, 1, 2], ""is_center"": false, ""vertex_id"": 24}, {""content"": [0, 2, 0, 2, 0, 2, 1, 2, 2], ""is_center"": false, ""vertex_id"": 30}]","23","[22, 16, 24, 30]","true"
"49","2022-11-19 19:54","false","null","null","graph_chain_source","25","null","false","{}","{}","[{""content"": [1, 0, 2, 0, 2, 2, 1, 1, 2], ""is_center"": true, ""vertex_id"": 24}, {""content"": [2, 1, 0, 2, 2, 0, 1, 0, 2], ""is_center"": false, ""vertex_id"": 23}, {""content"": [0, 0, 0, 2, 1, 0, 2, 0, 0], ""is_center"": false, ""vertex_id"": 17}, {""content"": [2, 0, 2, 1, 0, 1, 0, 0, 0], ""is_center"": false, ""vertex_id"": 25}, {""content"": [0, 2, 1, 1, 2, 0, 2, 0, 2], ""is_center"": false, ""vertex_id"": 31}]","CustomSource","0","experiment","null","null","null","null","null"
"50","2022-11-19 19:54","false","null","null","graph_chain_node","25","null","false","{}","{}","[{""content"": [1, 0, 2, 0, 2, 2, 1, 1, 2], ""is_center"": true, ""vertex_id"": 24}, {""content"": [2, 1, 0, 2, 2, 0, 1, 0, 2], ""is_center"": false, ""vertex_id"": 23}, {""content"": [0, 0, 0, 2, 1, 0, 2, 0, 0], ""is_center"": false, ""vertex_id"": 17}, {""content"": [2, 0, 2, 1, 0, 1, 0, 0, 0], ""is_center"": false, ""vertex_id"": 25}, {""content"": [0, 2, 1, 1, 2, 0, 2, 0, 2], ""is_center"": false, ""vertex_id"": 31}]","CustomNode","1","experiment","null","[{""content"": [1, 0, 2, 0, 2, 2, 1, 1, 2], ""is_center"": true, ""vertex_id"": 24}, {""content"": [2, 1, 0, 2, 2, 0, 1, 0, 2], ""is_center"": false, ""vertex_id"": 23}, {""content"": [0, 0, 0, 2, 1, 0, 2, 0, 0], ""is_center"": false, ""vertex_id"": 17}, {""content"": [2, 0, 2, 1, 0, 1, 0, 0, 0], ""is_center"": false, ""vertex_id"": 25}, {""content"": [0, 2, 1, 1, 2, 0, 2, 0, 2], ""is_center"": false, ""vertex_id"": 31}]","24","[23, 17, 25, 31]","true"
"51","2022-11-19 19:54","false","null","null","graph_chain_source","26","null","false","{}","{}","[{""content"": [2, 0, 2, 1, 0, 1, 0, 0, 0], ""is_center"": true, ""vertex_id"": 25}, {""content"": [1, 0, 2, 0, 2, 2, 1, 1, 2], ""is_center"": false, ""vertex_id"": 24}, {""content"": [1, 2, 1, 0, 0, 1, 0, 0, 2], ""is_center"": false, ""vertex_id"": 18}, {""content"": [2, 1, 2, 0, 1, 1, 2, 2, 0], ""is_center"": false, ""vertex_id"": 26}, {""content"": [1, 1, 0, 0, 2, 2, 2, 2, 0], ""is_center"": false, ""vertex_id"": 32}]","CustomSource","0","experiment","null","null","null","null","null"
"52","2022-11-19 19:54","false","null","null","graph_chain_node","26","null","false","{}","{}","[{""content"": [2, 0, 2, 1, 0, 1, 0, 0, 0], ""is_center"": true, ""vertex_id"": 25}, {""content"": [1, 0, 2, 0, 2, 2, 1, 1, 2], ""is_center"": false, ""vertex_id"": 24}, {""content"": [1, 2, 1, 0, 0, 1, 0, 0, 2], ""is_center"": false, ""vertex_id"": 18}, {""content"": [2, 1, 2, 0, 1, 1, 2, 2, 0], ""is_center"": false, ""vertex_id"": 26}, {""content"": [1, 1, 0, 0, 2, 2, 2, 2, 0], ""is_center"": false, ""vertex_id"": 32}]","CustomNode","1","experiment","null","[{""content"": [2, 0, 2, 1, 0, 1, 0, 0, 0], ""is_center"": true, ""vertex_id"": 25}, {""content"": [1, 0, 2, 0, 2, 2, 1, 1, 2], ""is_center"": false, ""vertex_id"": 24}, {""content"": [1, 2, 1, 0, 0, 1, 0, 0, 2], ""is_center"": false, ""vertex_id"": 18}, {""content"": [2, 1, 2, 0, 1, 1, 2, 2, 0], ""is_center"": false, ""vertex_id"": 26}, {""content"": [1, 1, 0, 0, 2, 2, 2, 2, 0], ""is_center"": false, ""vertex_id"": 32}]","25","[24, 18, 26, 32]","true"
"53","2022-11-19 19:54","false","null","null","graph_chain_source","27","null","false","{}","{}","[{""content"": [2, 1, 2, 0, 1, 1, 2, 2, 0], ""is_center"": true, ""vertex_id"": 26}, {""content"": [2, 0, 2, 1, 0, 1, 0, 0, 0], ""is_center"": false, ""vertex_id"": 25}, {""content"": [2, 0, 0, 2, 1, 1, 0, 1, 2], ""is_center"": false, ""vertex_id"": 19}, {""content"": [1, 2, 2, 2, 0, 1, 1, 0, 2], ""is_center"": false, ""vertex_id"": 27}, {""content"": [0, 0, 0, 1, 2, 2, 2, 2, 1], ""is_center"": false, ""vertex_id"": 33}]","CustomSource","0","experiment","null","null","null","null","null"
"54","2022-11-19 19:54","false","null","null","graph_chain_node","27","null","false","{}","{}","[{""content"": [2, 1, 2, 0, 1, 1, 2, 2, 0], ""is_center"": true, ""vertex_id"": 26}, {""content"": [2, 0, 2, 1, 0, 1, 0, 0, 0], ""is_center"": false, ""vertex_id"": 25}, {""content"": [2, 0, 0, 2, 1, 1, 0, 1, 2], ""is_center"": false, ""vertex_id"": 19}, {""content"": [1, 2, 2, 2, 0, 1, 1, 0, 2], ""is_center"": false, ""vertex_id"": 27}, {""content"": [0, 0, 0, 1, 2, 2, 2, 2, 1], ""is_center"": false, ""vertex_id"": 33}]","CustomNode","1","experiment","null","[{""content"": [2, 1, 2, 0, 1, 1, 2, 2, 0], ""is_center"": true, ""vertex_id"": 26}, {""content"": [2, 0, 2, 1, 0, 1, 0, 0, 0], ""is_center"": false, ""vertex_id"": 25}, {""content"": [2, 0, 0, 2, 1, 1, 0, 1, 2], ""is_center"": false, ""vertex_id"": 19}, {""content"": [1, 2, 2, 2, 0, 1, 1, 0, 2], ""is_center"": false, ""vertex_id"": 27}, {""content"": [0, 0, 0, 1, 2, 2, 2, 2, 1], ""is_center"": false, ""vertex_id"": 33}]","26","[25, 19, 27, 33]","true"
"55","2022-11-19 19:54","false","null","null","graph_chain_source","28","null","false","{}","{}","[{""content"": [1, 2, 2, 2, 0, 1, 1, 0, 2], ""is_center"": true, ""vertex_id"": 27}, {""content"": [2, 1, 2, 0, 1, 1, 2, 2, 0], ""is_center"": false, ""vertex_id"": 26}, {""content"": [0, 0, 0, 0, 2, 0, 1, 0, 0], ""is_center"": false, ""vertex_id"": 20}, {""content"": [2, 1, 1, 2, 0, 1, 2, 1, 2], ""is_center"": false, ""vertex_id"": 34}]","CustomSource","0","experiment","null","null","null","null","null"
"56","2022-11-19 19:54","false","null","null","graph_chain_node","28","null","false","{}","{}","[{""content"": [1, 2, 2, 2, 0, 1, 1, 0, 2], ""is_center"": true, ""vertex_id"": 27}, {""content"": [2, 1, 2, 0, 1, 1, 2, 2, 0], ""is_center"": false, ""vertex_id"": 26}, {""content"": [0, 0, 0, 0, 2, 0, 1, 0, 0], ""is_center"": false, ""vertex_id"": 20}, {""content"": [2, 1, 1, 2, 0, 1, 2, 1, 2], ""is_center"": false, ""vertex_id"": 34}]","CustomNode","1","experiment","null","[{""content"": [1, 2, 2, 2, 0, 1, 1, 0, 2], ""is_center"": true, ""vertex_id"": 27}, {""content"": [2, 1, 2, 0, 1, 1, 2, 2, 0], ""is_center"": false, ""vertex_id"": 26}, {""content"": [0, 0, 0, 0, 2, 0, 1, 0, 0], ""is_center"": false, ""vertex_id"": 20}, {""content"": [2, 1, 1, 2, 0, 1, 2, 1, 2], ""is_center"": false, ""vertex_id"": 34}]","27","[26, 20, 34]","true"
"57","2022-11-19 19:54","false","null","null","graph_chain_source","29","null","false","{}","{}","[{""content"": [2, 1, 2, 2, 0, 0, 2, 1, 0], ""is_center"": true, ""vertex_id"": 28}, {""content"": [0, 0, 0, 0, 0, 1, 2, 2, 1], ""is_center"": false, ""vertex_id"": 21}, {""content"": [0, 1, 1, 0, 1, 0, 0, 0, 0], ""is_center"": false, ""vertex_id"": 29}, {""content"": [1, 1, 2, 0, 1, 0, 0, 1, 0], ""is_center"": false, ""vertex_id"": 35}]","CustomSource","0","experiment","null","null","null","null","null"
"58","2022-11-19 19:54","false","null","null","graph_chain_node","29","null","false","{}","{}","[{""content"": [2, 1, 2, 2, 0, 0, 2, 1, 0], ""is_center"": true, ""vertex_id"": 28}, {""content"": [0, 0, 0, 0, 0, 1, 2, 2, 1], ""is_center"": false, ""vertex_id"": 21}, {""content"": [0, 1, 1, 0, 1, 0, 0, 0, 0], ""is_center"": false, ""vertex_id"": 29}, {""content"": [1, 1, 2, 0, 1, 0, 0, 1, 0], ""is_center"": false, ""vertex_id"": 35}]","CustomNode","1","experiment","null","[{""content"": [2, 1, 2, 2, 0, 0, 2, 1, 0], ""is_center"": true, ""vertex_id"": 28}, {""content"": [0, 0, 0, 0, 0, 1, 2, 2, 1], ""is_center"": false, ""vertex_id"": 21}, {""content"": [0, 1, 1, 0, 1, 0, 0, 0, 0], ""is_center"": false, ""vertex_id"": 29}, {""content"": [1, 1, 2, 0, 1, 0, 0, 1, 0], ""is_center"": false, ""vertex_id"": 35}]","28","[21, 29, 35]","true"
"59","2022-11-19 19:54","false","null","null","graph_chain_source","30","null","false","{}","{}","[{""content"": [0, 1, 1, 0, 1, 0, 0, 0, 0], ""is_center"": true, ""vertex_id"": 29}, {""content"": [2, 1, 2, 2, 0, 0, 2, 1, 0], ""is_center"": false, ""vertex_id"": 28}, {""content"": [1, 2, 0, 0, 0, 2, 2, 1, 2], ""is_center"": false, ""vertex_id"": 22}, {""content"": [0, 2, 0, 2, 0, 2, 1, 2, 2], ""is_center"": false, ""vertex_id"": 30}, {""content"": [0, 2, 0, 2, 1, 2, 1, 2, 2], ""is_center"": false, ""vertex_id"": 36}]","CustomSource","0","experiment","null","null","null","null","null"
"60","2022-11-19 19:54","false","null","null","graph_chain_node","30","null","false","{}","{}","[{""content"": [0, 1, 1, 0, 1, 0, 0, 0, 0], ""is_center"": true, ""vertex_id"": 29}, {""content"": [2, 1, 2, 2, 0, 0, 2, 1, 0], ""is_center"": false, ""vertex_id"": 28}, {""content"": [1, 2, 0, 0, 0, 2, 2, 1, 2], ""is_center"": false, ""vertex_id"": 22}, {""content"": [0, 2, 0, 2, 0, 2, 1, 2, 2], ""is_center"": false, ""vertex_id"": 30}, {""content"": [0, 2, 0, 2, 1, 2, 1, 2, 2], ""is_center"": false, ""vertex_id"": 36}]","CustomNode","1","experiment","null","[{""content"": [0, 1, 1, 0, 1, 0, 0, 0, 0], ""is_center"": true, ""vertex_id"": 29}, {""content"": [2, 1, 2, 2, 0, 0, 2, 1, 0], ""is_center"": false, ""vertex_id"": 28}, {""content"": [1, 2, 0, 0, 0, 2, 2, 1, 2], ""is_center"": false, ""vertex_id"": 22}, {""content"": [0, 2, 0, 2, 0, 2, 1, 2, 2], ""is_center"": false, ""vertex_id"": 30}, {""content"": [0, 2, 0, 2, 1, 2, 1, 2, 2], ""is_center"": false, ""vertex_id"": 36}]","29","[28, 22, 30, 36]","true"
"61","2022-11-19 19:54","false","null","null","graph_chain_source","31","null","false","{}","{}","[{""content"": [0, 2, 0, 2, 0, 2, 1, 2, 2], ""is_center"": true, ""vertex_id"": 30}, {""content"": [0, 1, 1, 0, 1, 0, 0, 0, 0], ""is_center"": false, ""vertex_id"": 29}, {""content"": [2, 1, 0, 2, 2, 0, 1, 0, 2], ""is_center"": false, ""vertex_id"": 23}, {""content"": [0, 2, 1, 1, 2, 0, 2, 0, 2], ""is_center"": false, ""vertex_id"": 31}, {""content"": [0, 1, 0, 0, 1, 0, 2, 0, 2], ""is_center"": false, ""vertex_id"": 37}]","CustomSource","0","experiment","null","null","null","null","null"
"62","2022-11-19 19:54","false","null","null","graph_chain_node","31","null","false","{}","{}","[{""content"": [0, 2, 0, 2, 0, 2, 1, 2, 2], ""is_center"": true, ""vertex_id"": 30}, {""content"": [0, 1, 1, 0, 1, 0, 0, 0, 0], ""is_center"": false, ""vertex_id"": 29}, {""content"": [2, 1, 0, 2, 2, 0, 1, 0, 2], ""is_center"": false, ""vertex_id"": 23}, {""content"": [0, 2, 1, 1, 2, 0, 2, 0, 2], ""is_center"": false, ""vertex_id"": 31}, {""content"": [0, 1, 0, 0, 1, 0, 2, 0, 2], ""is_center"": false, ""vertex_id"": 37}]","CustomNode","1","experiment","null","[{""content"": [0, 2, 0, 2, 0, 2, 1, 2, 2], ""is_center"": true, ""vertex_id"": 30}, {""content"": [0, 1, 1, 0, 1, 0, 0, 0, 0], ""is_center"": false, ""vertex_id"": 29}, {""content"": [2, 1, 0, 2, 2, 0, 1, 0, 2], ""is_center"": false, ""vertex_id"": 23}, {""content"": [0, 2, 1, 1, 2, 0, 2, 0, 2], ""is_center"": false, ""vertex_id"": 31}, {""content"": [0, 1, 0, 0, 1, 0, 2, 0, 2], ""is_center"": false, ""vertex_id"": 37}]","30","[29, 23, 31, 37]","true"
"63","2022-11-19 19:54","false","null","null","graph_chain_source","32","null","false","{}","{}","[{""content"": [0, 2, 1, 1, 2, 0, 2, 0, 2], ""is_center"": true, ""vertex_id"": 31}, {""content"": [0, 2, 0, 2, 0, 2, 1, 2, 2], ""is_center"": false, ""vertex_id"": 30}, {""content"": [1, 0, 2, 0, 2, 2, 1, 1, 2], ""is_center"": false, ""vertex_id"": 24}, {""content"": [1, 1, 0, 0, 2, 2, 2, 2, 0], ""is_center"": false, ""vertex_id"": 32}, {""content"": [2, 0, 0, 1, 2, 2, 2, 1, 0], ""is_center"": false, ""vertex_id"": 38}]","CustomSource","0","experiment","null","null","null","null","null"
"64","2022-11-19 19:54","false","null","null","graph_chain_node","32","null","false","{}","{}","[{""content"": [0, 2, 1, 1, 2, 0, 2, 0, 2], ""is_center"": true, ""vertex_id"": 31}, {""content"": [0, 2, 0, 2, 0, 2, 1, 2, 2], ""is_center"": false, ""vertex_id"": 30}, {""content"": [1, 0, 2, 0, 2, 2, 1, 1, 2], ""is_center"": false, ""vertex_id"": 24}, {""content"": [1, 1, 0, 0, 2, 2, 2, 2, 0], ""is_center"": false, ""vertex_id"": 32}, {""content"": [2, 0, 0, 1, 2, 2, 2, 1, 0], ""is_center"": false, ""vertex_id"": 38}]","CustomNode","1","experiment","null","[{""content"": [0, 2, 1, 1, 2, 0, 2, 0, 2], ""is_center"": true, ""vertex_id"": 31}, {""content"": [0, 2, 0, 2, 0, 2, 1, 2, 2], ""is_center"": false, ""vertex_id"": 30}, {""content"": [1, 0, 2, 0, 2, 2, 1, 1, 2], ""is_center"": false, ""vertex_id"": 24}, {""content"": [1, 1, 0, 0, 2, 2, 2, 2, 0], ""is_center"": false, ""vertex_id"": 32}, {""content"": [2, 0, 0, 1, 2, 2, 2, 1, 0], ""is_center"": false, ""vertex_id"": 38}]","31","[30, 24, 32, 38]","true"
"65","2022-11-19 19:54","false","null","null","graph_chain_source","33","null","false","{}","{}","[{""content"": [1, 1, 0, 0, 2, 2, 2, 2, 0], ""is_center"": true, ""vertex_id"": 32}, {""content"": [0, 2, 1, 1, 2, 0, 2, 0, 2], ""is_center"": false, ""vertex_id"": 31}, {""content"": [2, 0, 2, 1, 0, 1, 0, 0, 0], ""is_center"": false, ""vertex_id"": 25}, {""content"": [0, 0, 0, 1, 2, 2, 2, 2, 1], ""is_center"": false, ""vertex_id"": 33}, {""content"": [1, 2, 0, 1, 2, 2, 2, 1, 1], ""is_center"": false, ""vertex_id"": 39}]","CustomSource","0","experiment","null","null","null","null","null"
"66","2022-11-19 19:54","false","null","null","graph_chain_node","33","null","false","{}","{}","[{""content"": [1, 1, 0, 0, 2, 2, 2, 2, 0], ""is_center"": true, ""vertex_id"": 32}, {""content"": [0, 2, 1, 1, 2, 0, 2, 0, 2], ""is_center"": false, ""vertex_id"": 31}, {""content"": [2, 0, 2, 1, 0, 1, 0, 0, 0], ""is_center"": false, ""vertex_id"": 25}, {""content"": [0, 0, 0, 1, 2, 2, 2, 2, 1], ""is_center"": false, ""vertex_id"": 33}, {""content"": [1, 2, 0, 1, 2, 2, 2, 1, 1], ""is_center"": false, ""vertex_id"": 39}]","CustomNode","1","experiment","null","[{""content"": [1, 1, 0, 0, 2, 2, 2, 2, 0], ""is_center"": true, ""vertex_id"": 32}, {""content"": [0, 2, 1, 1, 2, 0, 2, 0, 2], ""is_center"": false, ""vertex_id"": 31}, {""content"": [2, 0, 2, 1, 0, 1, 0, 0, 0], ""is_center"": false, ""vertex_id"": 25}, {""content"": [0, 0, 0, 1, 2, 2, 2, 2, 1], ""is_center"": false, ""vertex_id"": 33}, {""content"": [1, 2, 0, 1, 2, 2, 2, 1, 1], ""is_center"": false, ""vertex_id"": 39}]","32","[31, 25, 33, 39]","true"
"67","2022-11-19 19:54","false","null","null","graph_chain_source","34","null","false","{}","{}","[{""content"": [0, 0, 0, 1, 2, 2, 2, 2, 1], ""is_center"": true, ""vertex_id"": 33}, {""content"": [1, 1, 0, 0, 2, 2, 2, 2, 0], ""is_center"": false, ""vertex_id"": 32}, {""content"": [2, 1, 2, 0, 1, 1, 2, 2, 0], ""is_center"": false, ""vertex_id"": 26}, {""content"": [2, 1, 1, 2, 0, 1, 2, 1, 2], ""is_center"": false, ""vertex_id"": 34}, {""content"": [0, 1, 2, 2, 2, 2, 0, 1, 1], ""is_center"": false, ""vertex_id"": 40}]","CustomSource","0","experiment","null","null","null","null","null"
"68","2022-11-19 19:54","false","null","null","graph_chain_node","34","null","false","{}","{}","[{""content"": [0, 0, 0, 1, 2, 2, 2, 2, 1], ""is_center"": true, ""vertex_id"": 33}, {""content"": [1, 1, 0, 0, 2, 2, 2, 2, 0], ""is_center"": false, ""vertex_id"": 32}, {""content"": [2, 1, 2, 0, 1, 1, 2, 2, 0], ""is_center"": false, ""vertex_id"": 26}, {""content"": [2, 1, 1, 2, 0, 1, 2, 1, 2], ""is_center"": false, ""vertex_id"": 34}, {""content"": [0, 1, 2, 2, 2, 2, 0, 1, 1], ""is_center"": false, ""vertex_id"": 40}]","CustomNode","1","experiment","null","[{""content"": [0, 0, 0, 1, 2, 2, 2, 2, 1], ""is_center"": true, ""vertex_id"": 33}, {""content"": [1, 1, 0, 0, 2, 2, 2, 2, 0], ""is_center"": false, ""vertex_id"": 32}, {""content"": [2, 1, 2, 0, 1, 1, 2, 2, 0], ""is_center"": false, ""vertex_id"": 26}, {""content"": [2, 1, 1, 2, 0, 1, 2, 1, 2], ""is_center"": false, ""vertex_id"": 34}, {""content"": [0, 1, 2, 2, 2, 2, 0, 1, 1], ""is_center"": false, ""vertex_id"": 40}]","33","[32, 26, 34, 40]","true"
"69","2022-11-19 19:54","false","null","null","graph_chain_source","35","null","false","{}","{}","[{""content"": [2, 1, 1, 2, 0, 1, 2, 1, 2], ""is_center"": true, ""vertex_id"": 34}, {""content"": [0, 0, 0, 1, 2, 2, 2, 2, 1], ""is_center"": false, ""vertex_id"": 33}, {""content"": [1, 2, 2, 2, 0, 1, 1, 0, 2], ""is_center"": false, ""vertex_id"": 27}, {""content"": [1, 0, 0, 0, 2, 0, 2, 1, 0], ""is_center"": false, ""vertex_id"": 41}]","CustomSource","0","experiment","null","null","null","null","null"
"70","2022-11-19 19:54","false","null","null","graph_chain_node","35","null","false","{}","{}","[{""content"": [2, 1, 1, 2, 0, 1, 2, 1, 2], ""is_center"": true, ""vertex_id"": 34}, {""content"": [0, 0, 0, 1, 2, 2, 2, 2, 1], ""is_center"": false, ""vertex_id"": 33}, {""content"": [1, 2, 2, 2, 0, 1, 1, 0, 2], ""is_center"": false, ""vertex_id"": 27}, {""content"": [1, 0, 0, 0, 2, 0, 2, 1, 0], ""is_center"": false, ""vertex_id"": 41}]","CustomNode","1","experiment","null","[{""content"": [2, 1, 1, 2, 0, 1, 2, 1, 2], ""is_center"": true, ""vertex_id"": 34}, {""content"": [0, 0, 0, 1, 2, 2, 2, 2, 1], ""is_center"": false, ""vertex_id"": 33}, {""content"": [1, 2, 2, 2, 0, 1, 1, 0, 2], ""is_center"": false, ""vertex_id"": 27}, {""content"": [1, 0, 0, 0, 2, 0, 2, 1, 0], ""is_center"": false, ""vertex_id"": 41}]","34","[33, 27, 41]","true"
"71","2022-11-19 19:54","false","null","null","graph_chain_source","36","null","false","{}","{}","[{""content"": [1, 1, 2, 0, 1, 0, 0, 1, 0], ""is_center"": true, ""vertex_id"": 35}, {""content"": [2, 1, 2, 2, 0, 0, 2, 1, 0], ""is_center"": false, ""vertex_id"": 28}, {""content"": [0, 2, 0, 2, 1, 2, 1, 2, 2], ""is_center"": false, ""vertex_id"": 36}, {""content"": [0, 1, 2, 0, 2, 0, 1, 2, 0], ""is_center"": false, ""vertex_id"": 42}]","CustomSource","0","experiment","null","null","null","null","null"
"72","2022-11-19 19:54","false","null","null","graph_chain_node","36","null","false","{}","{}","[{""content"": [1, 1, 2, 0, 1, 0, 0, 1, 0], ""is_center"": true, ""vertex_id"": 35}, {""content"": [2, 1, 2, 2, 0, 0, 2, 1, 0], ""is_center"": false, ""vertex_id"": 28}, {""content"": [0, 2, 0, 2, 1, 2, 1, 2, 2], ""is_center"": false, ""vertex_id"": 36}, {""content"": [0, 1, 2, 0, 2, 0, 1, 2, 0], ""is_center"": false, ""vertex_id"": 42}]","CustomNode","1","experiment","null","[{""content"": [1, 1, 2, 0, 1, 0, 0, 1, 0], ""is_center"": true, ""vertex_id"": 35}, {""content"": [2, 1, 2, 2, 0, 0, 2, 1, 0], ""is_center"": false, ""vertex_id"": 28}, {""content"": [0, 2, 0, 2, 1, 2, 1, 2, 2], ""is_center"": false, ""vertex_id"": 36}, {""content"": [0, 1, 2, 0, 2, 0, 1, 2, 0], ""is_center"": false, ""vertex_id"": 42}]","35","[28, 36, 42]","true"
"73","2022-11-19 19:54","false","null","null","graph_chain_source","37","null","false","{}","{}","[{""content"": [0, 2, 0, 2, 1, 2, 1, 2, 2], ""is_center"": true, ""vertex_id"": 36}, {""content"": [1, 1, 2, 0, 1, 0, 0, 1, 0], ""is_center"": false, ""vertex_id"": 35}, {""content"": [0, 1, 1, 0, 1, 0, 0, 0, 0], ""is_center"": false, ""vertex_id"": 29}, {""content"": [0, 1, 0, 0, 1, 0, 2, 0, 2], ""is_center"": false, ""vertex_id"": 37}, {""content"": [2, 1, 0, 2, 2, 2, 0, 2, 1], ""is_center"": false, ""vertex_id"": 43}]","CustomSource","0","experiment","null","null","null","null","null"
"74","2022-11-19 19:54","false","null","null","graph_chain_node","37","null","false","{}","{}","[{""content"": [0, 2, 0, 2, 1, 2, 1, 2, 2], ""is_center"": true, ""vertex_id"": 36}, {""content"": [1, 1, 2, 0, 1, 0, 0, 1, 0], ""is_center"": false, ""vertex_id"": 35}, {""content"": [0, 1, 1, 0, 1, 0, 0, 0, 0], ""is_center"": false, ""vertex_id"": 29}, {""content"": [0, 1, 0, 0, 1, 0, 2, 0, 2], ""is_center"": false, ""vertex_id"": 37}, {""content"": [2, 1, 0, 2, 2, 2, 0, 2, 1], ""is_center"": false, ""vertex_id"": 43}]","CustomNode","1","experiment","null","[{""content"": [0, 2, 0, 2, 1, 2, 1, 2, 2], ""is_center"": true, ""vertex_id"": 36}, {""content"": [1, 1, 2, 0, 1, 0, 0, 1, 0], ""is_center"": false, ""vertex_id"": 35}, {""content"": [0, 1, 1, 0, 1, 0, 0, 0, 0], ""is_center"": false, ""vertex_id"": 29}, {""content"": [0, 1, 0, 0, 1, 0, 2, 0, 2], ""is_center"": false, ""vertex_id"": 37}, {""content"": [2, 1, 0, 2, 2, 2, 0, 2, 1], ""is_center"": false, ""vertex_id"": 43}]","36","[35, 29, 37, 43]","true"
"75","2022-11-19 19:54","false","null","null","graph_chain_source","38","null","false","{}","{}","[{""content"": [0, 1, 0, 0, 1, 0, 2, 0, 2], ""is_center"": true, ""vertex_id"": 37}, {""content"": [0, 2, 0, 2, 1, 2, 1, 2, 2], ""is_center"": false, ""vertex_id"": 36}, {""content"": [0, 2, 0, 2, 0, 2, 1, 2, 2], ""is_center"": false, ""vertex_id"": 30}, {""content"": [2, 0, 0, 1, 2, 2, 2, 1, 0], ""is_center"": false, ""vertex_id"": 38}, {""content"": [2, 1, 0, 0, 0, 0, 2, 0, 1], ""is_center"": false, ""vertex_id"": 44}]","CustomSource","0","experiment","null","null","null","null","null"
"76","2022-11-19 19:54","false","null","null","graph_chain_node","38","null","false","{}","{}","[{""content"": [0, 1, 0, 0, 1, 0, 2, 0, 2], ""is_center"": true, ""vertex_id"": 37}, {""content"": [0, 2, 0, 2, 1, 2, 1, 2, 2], ""is_center"": false, ""vertex_id"": 36}, {""content"": [0, 2, 0, 2, 0, 2, 1, 2, 2], ""is_center"": false, ""vertex_id"": 30}, {""content"": [2, 0, 0, 1, 2, 2, 2, 1, 0], ""is_center"": false, ""vertex_id"": 38}, {""content"": [2, 1, 0, 0, 0, 0, 2, 0, 1], ""is_center"": false, ""vertex_id"": 44}]","CustomNode","1","experiment","null","[{""content"": [0, 1, 0, 0, 1, 0, 2, 0, 2], ""is_center"": true, ""vertex_id"": 37}, {""content"": [0, 2, 0, 2, 1, 2, 1, 2, 2], ""is_center"": false, ""vertex_id"": 36}, {""content"": [0, 2, 0, 2, 0, 2, 1, 2, 2], ""is_center"": false, ""vertex_id"": 30}, {""content"": [2, 0, 0, 1, 2, 2, 2, 1, 0], ""is_center"": false, ""vertex_id"": 38}, {""content"": [2, 1, 0, 0, 0, 0, 2, 0, 1], ""is_center"": false, ""vertex_id"": 44}]","37","[36, 30, 38, 44]","true"
"77","2022-11-19 19:54","false","null","null","graph_chain_source","39","null","false","{}","{}","[{""content"": [2, 0, 0, 1, 2, 2, 2, 1, 0], ""is_center"": true, ""vertex_id"": 38}, {""content"": [0, 1, 0, 0, 1, 0, 2, 0, 2], ""is_center"": false, ""vertex_id"": 37}, {""content"": [0, 2, 1, 1, 2, 0, 2, 0, 2], ""is_center"": false, ""vertex_id"": 31}, {""content"": [1, 2, 0, 1, 2, 2, 2, 1, 1], ""is_center"": false, ""vertex_id"": 39}, {""content"": [1, 2, 0, 2, 2, 1, 1, 0, 2], ""is_center"": false, ""vertex_id"": 45}]","CustomSource","0","experiment","null","null","null","null","null"
"78","2022-11-19 19:54","false","null","null","graph_chain_node","39","null","false","{}","{}","[{""content"": [2, 0, 0, 1, 2, 2, 2, 1, 0], ""is_center"": true, ""vertex_id"": 38}, {""content"": [0, 1, 0, 0, 1, 0, 2, 0, 2], ""is_center"": false, ""vertex_id"": 37}, {""content"": [0, 2, 1, 1, 2, 0, 2, 0, 2], ""is_center"": false, ""vertex_id"": 31}, {""content"": [1, 2, 0, 1, 2, 2, 2, 1, 1], ""is_center"": false, ""vertex_id"": 39}, {""content"": [1, 2, 0, 2, 2, 1, 1, 0, 2], ""is_center"": false, ""vertex_id"": 45}]","CustomNode","1","experiment","null","[{""content"": [2, 0, 0, 1, 2, 2, 2, 1, 0], ""is_center"": true, ""vertex_id"": 38}, {""content"": [0, 1, 0, 0, 1, 0, 2, 0, 2], ""is_center"": false, ""vertex_id"": 37}, {""content"": [0, 2, 1, 1, 2, 0, 2, 0, 2], ""is_center"": false, ""vertex_id"": 31}, {""content"": [1, 2, 0, 1, 2, 2, 2, 1, 1], ""is_center"": false, ""vertex_id"": 39}, {""content"": [1, 2, 0, 2, 2, 1, 1, 0, 2], ""is_center"": false, ""vertex_id"": 45}]","38","[37, 31, 39, 45]","true"
"79","2022-11-19 19:54","false","null","null","graph_chain_source","40","null","false","{}","{}","[{""content"": [1, 2, 0, 1, 2, 2, 2, 1, 1], ""is_center"": true, ""vertex_id"": 39}, {""content"": [2, 0, 0, 1, 2, 2, 2, 1, 0], ""is_center"": false, ""vertex_id"": 38}, {""content"": [1, 1, 0, 0, 2, 2, 2, 2, 0], ""is_center"": false, ""vertex_id"": 32}, {""content"": [0, 1, 2, 2, 2, 2, 0, 1, 1], ""is_center"": false, ""vertex_id"": 40}, {""content"": [2, 2, 0, 0, 0, 1, 0, 2, 0], ""is_center"": false, ""vertex_id"": 46}]","CustomSource","0","experiment","null","null","null","null","null"
"80","2022-11-19 19:54","false","null","null","graph_chain_node","40","null","false","{}","{}","[{""content"": [1, 2, 0, 1, 2, 2, 2, 1, 1], ""is_center"": true, ""vertex_id"": 39}, {""content"": [2, 0, 0, 1, 2, 2, 2, 1, 0], ""is_center"": false, ""vertex_id"": 38}, {""content"": [1, 1, 0, 0, 2, 2, 2, 2, 0], ""is_center"": false, ""vertex_id"": 32}, {""content"": [0, 1, 2, 2, 2, 2, 0, 1, 1], ""is_center"": false, ""vertex_id"": 40}, {""content"": [2, 2, 0, 0, 0, 1, 0, 2, 0], ""is_center"": false, ""vertex_id"": 46}]","CustomNode","1","experiment","null","[{""content"": [1, 2, 0, 1, 2, 2, 2, 1, 1], ""is_center"": true, ""vertex_id"": 39}, {""content"": [2, 0, 0, 1, 2, 2, 2, 1, 0], ""is_center"": false, ""vertex_id"": 38}, {""content"": [1, 1, 0, 0, 2, 2, 2, 2, 0], ""is_center"": false, ""vertex_id"": 32}, {""content"": [0, 1, 2, 2, 2, 2, 0, 1, 1], ""is_center"": false, ""vertex_id"": 40}, {""content"": [2, 2, 0, 0, 0, 1, 0, 2, 0], ""is_center"": false, ""vertex_id"": 46}]","39","[38, 32, 40, 46]","true"
"81","2022-11-19 19:54","false","null","null","graph_chain_source","41","null","false","{}","{}","[{""content"": [0, 1, 2, 2, 2, 2, 0, 1, 1], ""is_center"": true, ""vertex_id"": 40}, {""content"": [1, 2, 0, 1, 2, 2, 2, 1, 1], ""is_center"": false, ""vertex_id"": 39}, {""content"": [0, 0, 0, 1, 2, 2, 2, 2, 1], ""is_center"": false, ""vertex_id"": 33}, {""content"": [1, 0, 0, 0, 2, 0, 2, 1, 0], ""is_center"": false, ""vertex_id"": 41}, {""content"": [0, 2, 0, 2, 2, 2, 1, 2, 0], ""is_center"": false, ""vertex_id"": 47}]","CustomSource","0","experiment","null","null","null","null","null"
"82","2022-11-19 19:54","false","null","null","graph_chain_node","41","null","false","{}","{}","[{""content"": [0, 1, 2, 2, 2, 2, 0, 1, 1], ""is_center"": true, ""vertex_id"": 40}, {""content"": [1, 2, 0, 1, 2, 2, 2, 1, 1], ""is_center"": false, ""vertex_id"": 39}, {""content"": [0, 0, 0, 1, 2, 2, 2, 2, 1], ""is_center"": false, ""vertex_id"": 33}, {""content"": [1, 0, 0, 0, 2, 0, 2, 1, 0], ""is_center"": false, ""vertex_id"": 41}, {""content"": [0, 2, 0, 2, 2, 2, 1, 2, 0], ""is_center"": false, ""vertex_id"": 47}]","CustomNode","1","experiment","null","[{""content"": [0, 1, 2, 2, 2, 2, 0, 1, 1], ""is_center"": true, ""vertex_id"": 40}, {""content"": [1, 2, 0, 1, 2, 2, 2, 1, 1], ""is_center"": false, ""vertex_id"": 39}, {""content"": [0, 0, 0, 1, 2, 2, 2, 2, 1], ""is_center"": false, ""vertex_id"": 33}, {""content"": [1, 0, 0, 0, 2, 0, 2, 1, 0], ""is_center"": false, ""vertex_id"": 41}, {""content"": [0, 2, 0, 2, 2, 2, 1, 2, 0], ""is_center"": false, ""vertex_id"": 47}]","40","[39, 33, 41, 47]","true"
"83","2022-11-19 19:54","false","null","null","graph_chain_source","42","null","false","{}","{}","[{""content"": [1, 0, 0, 0, 2, 0, 2, 1, 0], ""is_center"": true, ""vertex_id"": 41}, {""content"": [0, 1, 2, 2, 2, 2, 0, 1, 1], ""is_center"": false, ""vertex_id"": 40}, {""content"": [2, 1, 1, 2, 0, 1, 2, 1, 2], ""is_center"": false, ""vertex_id"": 34}, {""content"": [1, 2, 0, 2, 1, 2, 2, 0, 2], ""is_center"": false, ""vertex_id"": 48}]","CustomSource","0","experiment","null","null","null","null","null"
"84","2022-11-19 19:54","false","null","null","graph_chain_node","42","null","false","{}","{}","[{""content"": [1, 0, 0, 0, 2, 0, 2, 1, 0], ""is_center"": true, ""vertex_id"": 41}, {""content"": [0, 1, 2, 2, 2, 2, 0, 1, 1], ""is_center"": false, ""vertex_id"": 40}, {""content"": [2, 1, 1, 2, 0, 1, 2, 1, 2], ""is_center"": false, ""vertex_id"": 34}, {""content"": [1, 2, 0, 2, 1, 2, 2, 0, 2], ""is_center"": false, ""vertex_id"": 48}]","CustomNode","1","experiment","null","[{""content"": [1, 0, 0, 0, 2, 0, 2, 1, 0], ""is_center"": true, ""vertex_id"": 41}, {""content"": [0, 1, 2, 2, 2, 2, 0, 1, 1], ""is_center"": false, ""vertex_id"": 40}, {""content"": [2, 1, 1, 2, 0, 1, 2, 1, 2], ""is_center"": false, ""vertex_id"": 34}, {""content"": [1, 2, 0, 2, 1, 2, 2, 0, 2], ""is_center"": false, ""vertex_id"": 48}]","41","[40, 34, 48]","true"
"85","2022-11-19 19:54","false","null","null","graph_chain_source","43","null","false","{}","{}","[{""content"": [0, 1, 2, 0, 2, 0, 1, 2, 0], ""is_center"": true, ""vertex_id"": 42}, {""content"": [1, 1, 2, 0, 1, 0, 0, 1, 0], ""is_center"": false, ""vertex_id"": 35}, {""content"": [2, 1, 0, 2, 2, 2, 0, 2, 1], ""is_center"": false, ""vertex_id"": 43}]","CustomSource","0","experiment","null","null","null","null","null"
"86","2022-11-19 19:54","false","null","null","graph_chain_node","43","null","false","{}","{}","[{""content"": [0, 1, 2, 0, 2, 0, 1, 2, 0], ""is_center"": true, ""vertex_id"": 42}, {""content"": [1, 1, 2, 0, 1, 0, 0, 1, 0], ""is_center"": false, ""vertex_id"": 35}, {""content"": [2, 1, 0, 2, 2, 2, 0, 2, 1], ""is_center"": false, ""vertex_id"": 43}]","CustomNode","1","experiment","null","[{""content"": [0, 1, 2, 0, 2, 0, 1, 2, 0], ""is_center"": true, ""vertex_id"": 42}, {""content"": [1, 1, 2, 0, 1, 0, 0, 1, 0], ""is_center"": false, ""vertex_id"": 35}, {""content"": [2, 1, 0, 2, 2, 2, 0, 2, 1], ""is_center"": false, ""vertex_id"": 43}]","42","[35, 43]","true"
"87","2022-11-19 19:54","false","null","null","graph_chain_source","44","null","false","{}","{}","[{""content"": [2, 1, 0, 2, 2, 2, 0, 2, 1], ""is_center"": true, ""vertex_id"": 43}, {""content"": [0, 1, 2, 0, 2, 0, 1, 2, 0], ""is_center"": false, ""vertex_id"": 42}, {""content"": [0, 2, 0, 2, 1, 2, 1, 2, 2], ""is_center"": false, ""vertex_id"": 36}, {""content"": [2, 1, 0, 0, 0, 0, 2, 0, 1], ""is_center"": false, ""vertex_id"": 44}]","CustomSource","0","experiment","null","null","null","null","null"
"88","2022-11-19 19:54","false","null","null","graph_chain_node","44","null","false","{}","{}","[{""content"": [2, 1, 0, 2, 2, 2, 0, 2, 1], ""is_center"": true, ""vertex_id"": 43}, {""content"": [0, 1, 2, 0, 2, 0, 1, 2, 0], ""is_center"": false, ""vertex_id"": 42}, {""content"": [0, 2, 0, 2, 1, 2, 1, 2, 2], ""is_center"": false, ""vertex_id"": 36}, {""content"": [2, 1, 0, 0, 0, 0, 2, 0, 1], ""is_center"": false, ""vertex_id"": 44}]","CustomNode","1","experiment","null","[{""content"": [2, 1, 0, 2, 2, 2, 0, 2, 1], ""is_center"": true, ""vertex_id"": 43}, {""content"": [0, 1, 2, 0, 2, 0, 1, 2, 0], ""is_center"": false, ""vertex_id"": 42}, {""content"": [0, 2, 0, 2, 1, 2, 1, 2, 2], ""is_center"": false, ""vertex_id"": 36}, {""content"": [2, 1, 0, 0, 0, 0, 2, 0, 1], ""is_center"": false, ""vertex_id"": 44}]","43","[42, 36, 44]","true"
"89","2022-11-19 19:54","false","null","null","graph_chain_source","45","null","false","{}","{}","[{""content"": [2, 1, 0, 0, 0, 0, 2, 0, 1], ""is_center"": true, ""vertex_id"": 44}, {""content"": [2, 1, 0, 2, 2, 2, 0, 2, 1], ""is_center"": false, ""vertex_id"": 43}, {""content"": [0, 1, 0, 0, 1, 0, 2, 0, 2], ""is_center"": false, ""vertex_id"": 37}, {""content"": [1, 2, 0, 2, 2, 1, 1, 0, 2], ""is_center"": false, ""vertex_id"": 45}]","CustomSource","0","experiment","null","null","null","null","null"
"90","2022-11-19 19:54","false","null","null","graph_chain_node","45","null","false","{}","{}","[{""content"": [2, 1, 0, 0, 0, 0, 2, 0, 1], ""is_center"": true, ""vertex_id"": 44}, {""content"": [2, 1, 0, 2, 2, 2, 0, 2, 1], ""is_center"": false, ""vertex_id"": 43}, {""content"": [0, 1, 0, 0, 1, 0, 2, 0, 2], ""is_center"": false, ""vertex_id"": 37}, {""content"": [1, 2, 0, 2, 2, 1, 1, 0, 2], ""is_center"": false, ""vertex_id"": 45}]","CustomNode","1","experiment","null","[{""content"": [2, 1, 0, 0, 0, 0, 2, 0, 1], ""is_center"": true, ""vertex_id"": 44}, {""content"": [2, 1, 0, 2, 2, 2, 0, 2, 1], ""is_center"": false, ""vertex_id"": 43}, {""content"": [0, 1, 0, 0, 1, 0, 2, 0, 2], ""is_center"": false, ""vertex_id"": 37}, {""content"": [1, 2, 0, 2, 2, 1, 1, 0, 2], ""is_center"": false, ""vertex_id"": 45}]","44","[43, 37, 45]","true"
"91","2022-11-19 19:54","false","null","null","graph_chain_source","46","null","false","{}","{}","[{""content"": [1, 2, 0, 2, 2, 1, 1, 0, 2], ""is_center"": true, ""vertex_id"": 45}, {""content"": [2, 1, 0, 0, 0, 0, 2, 0, 1], ""is_center"": false, ""vertex_id"": 44}, {""content"": [2, 0, 0, 1, 2, 2, 2, 1, 0], ""is_center"": false, ""vertex_id"": 38}, {""content"": [2, 2, 0, 0, 0, 1, 0, 2, 0], ""is_center"": false, ""vertex_id"": 46}]","CustomSource","0","experiment","null","null","null","null","null"
"92","2022-11-19 19:54","false","null","null","graph_chain_node","46","null","false","{}","{}","[{""content"": [1, 2, 0, 2, 2, 1, 1, 0, 2], ""is_center"": true, ""vertex_id"": 45}, {""content"": [2, 1, 0, 0, 0, 0, 2, 0, 1], ""is_center"": false, ""vertex_id"": 44}, {""content"": [2, 0, 0, 1, 2, 2, 2, 1, 0], ""is_center"": false, ""vertex_id"": 38}, {""content"": [2, 2, 0, 0, 0, 1, 0, 2, 0], ""is_center"": false, ""vertex_id"": 46}]","CustomNode","1","experiment","null","[{""content"": [1, 2, 0, 2, 2, 1, 1, 0, 2], ""is_center"": true, ""vertex_id"": 45}, {""content"": [2, 1, 0, 0, 0, 0, 2, 0, 1], ""is_center"": false, ""vertex_id"": 44}, {""content"": [2, 0, 0, 1, 2, 2, 2, 1, 0], ""is_center"": false, ""vertex_id"": 38}, {""content"": [2, 2, 0, 0, 0, 1, 0, 2, 0], ""is_center"": false, ""vertex_id"": 46}]","45","[44, 38, 46]","true"
"93","2022-11-19 19:54","false","null","null","graph_chain_source","47","null","false","{}","{}","[{""content"": [2, 2, 0, 0, 0, 1, 0, 2, 0], ""is_center"": true, ""vertex_id"": 46}, {""content"": [1, 2, 0, 2, 2, 1, 1, 0, 2], ""is_center"": false, ""vertex_id"": 45}, {""content"": [1, 2, 0, 1, 2, 2, 2, 1, 1], ""is_center"": false, ""vertex_id"": 39}, {""content"": [0, 2, 0, 2, 2, 2, 1, 2, 0], ""is_center"": false, ""vertex_id"": 47}]","CustomSource","0","experiment","null","null","null","null","null"
"94","2022-11-19 19:54","false","null","null","graph_chain_node","47","null","false","{}","{}","[{""content"": [2, 2, 0, 0, 0, 1, 0, 2, 0], ""is_center"": true, ""vertex_id"": 46}, {""content"": [1, 2, 0, 2, 2, 1, 1, 0, 2], ""is_center"": false, ""vertex_id"": 45}, {""content"": [1, 2, 0, 1, 2, 2, 2, 1, 1], ""is_center"": false, ""vertex_id"": 39}, {""content"": [0, 2, 0, 2, 2, 2, 1, 2, 0], ""is_center"": false, ""vertex_id"": 47}]","CustomNode","1","experiment","null","[{""content"": [2, 2, 0, 0, 0, 1, 0, 2, 0], ""is_center"": true, ""vertex_id"": 46}, {""content"": [1, 2, 0, 2, 2, 1, 1, 0, 2], ""is_center"": false, ""vertex_id"": 45}, {""content"": [1, 2, 0, 1, 2, 2, 2, 1, 1], ""is_center"": false, ""vertex_id"": 39}, {""content"": [0, 2, 0, 2, 2, 2, 1, 2, 0], ""is_center"": false, ""vertex_id"": 47}]","46","[45, 39, 47]","true"
"95","2022-11-19 19:54","false","null","null","graph_chain_source","48","null","false","{}","{}","[{""content"": [0, 2, 0, 2, 2, 2, 1, 2, 0], ""is_center"": true, ""vertex_id"": 47}, {""content"": [2, 2, 0, 0, 0, 1, 0, 2, 0], ""is_center"": false, ""vertex_id"": 46}, {""content"": [0, 1, 2, 2, 2, 2, 0, 1, 1], ""is_center"": false, ""vertex_id"": 40}, {""content"": [1, 2, 0, 2, 1, 2, 2, 0, 2], ""is_center"": false, ""vertex_id"": 48}]","CustomSource","0","experiment","null","null","null","null","null"
"96","2022-11-19 19:54","false","null","null","graph_chain_node","48","null","false","{}","{}","[{""content"": [0, 2, 0, 2, 2, 2, 1, 2, 0], ""is_center"": true, ""vertex_id"": 47}, {""content"": [2, 2, 0, 0, 0, 1, 0, 2, 0], ""is_center"": false, ""vertex_id"": 46}, {""content"": [0, 1, 2, 2, 2, 2, 0, 1, 1], ""is_center"": false, ""vertex_id"": 40}, {""content"": [1, 2, 0, 2, 1, 2, 2, 0, 2], ""is_center"": false, ""vertex_id"": 48}]","CustomNode","1","experiment","null","[{""content"": [0, 2, 0, 2, 2, 2, 1, 2, 0], ""is_center"": true, ""vertex_id"": 47}, {""content"": [2, 2, 0, 0, 0, 1, 0, 2, 0], ""is_center"": false, ""vertex_id"": 46}, {""content"": [0, 1, 2, 2, 2, 2, 0, 1, 1], ""is_center"": false, ""vertex_id"": 40}, {""content"": [1, 2, 0, 2, 1, 2, 2, 0, 2], ""is_center"": false, ""vertex_id"": 48}]","47","[46, 40, 48]","true"
"97","2022-11-19 19:54","false","null","null","graph_chain_source","49","null","false","{}","{}","[{""content"": [1, 2, 0, 2, 1, 2, 2, 0, 2], ""is_center"": true, ""vertex_id"": 48}, {""content"": [0, 2, 0, 2, 2, 2, 1, 2, 0], ""is_center"": false, ""vertex_id"": 47}, {""content"": [1, 0, 0, 0, 2, 0, 2, 1, 0], ""is_center"": false, ""vertex_id"": 41}]","CustomSource","0","experiment","null","null","null","null","null"
"98","2022-11-19 19:54","false","null","null","graph_chain_node","49","null","false","{}","{}","[{""content"": [1, 2, 0, 2, 1, 2, 2, 0, 2], ""is_center"": true, ""vertex_id"": 48}, {""content"": [0, 2, 0, 2, 2, 2, 1, 2, 0], ""is_center"": false, ""vertex_id"": 47}, {""content"": [1, 0, 0, 0, 2, 0, 2, 1, 0], ""is_center"": false, ""vertex_id"": 41}]","CustomNode","1","experiment","null","[{""content"": [1, 2, 0, 2, 1, 2, 2, 0, 2], ""is_center"": true, ""vertex_id"": 48}, {""content"": [0, 2, 0, 2, 2, 2, 1, 2, 0], ""is_center"": false, ""vertex_id"": 47}, {""content"": [1, 0, 0, 0, 2, 0, 2, 1, 0], ""is_center"": false, ""vertex_id"": 41}]","48","[47, 41]","true"