creation_time,failed,failed_reason,time_of_death,vars,id,module_id,participant_id,time_started,time_finished,time_aborted,started,finished,aborted,type,participant_group,in_repeat_phase,performance_check,trials_to_repeat,repeat_trial_index,n_completed_trials,block_order,block_position,block,participated_networks,n_participant_trials_in_trial_maker,n_participant_trials_in_block,class
2022-11-30 21:30:18,False,,,{},2,graph_demo,1,2022-11-30 21:30:18,2022-11-30 21:30:22,,True,True,False,ChainTrialMakerState,default,False,,,,9,['default'],0,default,"[7, 9, 5, 3, 6, 4, 1, 8, 2]",9,9,ChainTrialMakerState
2022-11-30 21:30:22,False,,,{},4,graph_demo,2,2022-11-30 21:30:22,,,True,False,False,ChainTrialMakerState,default,False,,,,0,['default'],0,default,[],1,1,ChainTrialMakerState
2022-11-30 21:30:27,False,,,{},6,graph_demo,3,2022-11-30 21:30:27,,,True,False,False,ChainTrialMakerState,default,False,,,,0,['default'],0,default,[],1,1,ChainTrialMakerState
2022-11-30 21:30:32,False,,,{},8,graph_demo,4,2022-11-30 21:30:32,,,True,False,False,ChainTrialMakerState,default,False,,,,0,['default'],0,default,[],1,1,ChainTrialMakerState
2022-11-30 21:30:37,False,,,{},10,graph_demo,5,2022-11-30 21:30:37,,,True,False,False,ChainTrialMakerState,default,False,,,,0,['default'],0,default,[],1,1,ChainTrialMakerState
2022-11-30 21:30:42,False,,,{},12,graph_demo,6,2022-11-30 21:30:42,,,True,False,False,ChainTrialMakerState,default,False,,,,0,['default'],0,default,[],1,1,ChainTrialMakerState
2022-11-30 21:30:47,False,,,{},14,graph_demo,7,2022-11-30 21:30:47,,,True,False,False,ChainTrialMakerState,default,False,,,,0,['default'],0,default,[],1,1,ChainTrialMakerState
2022-11-30 21:30:52,False,,,{},16,graph_demo,8,2022-11-30 21:30:52,,,True,False,False,ChainTrialMakerState,default,False,,,,0,['default'],0,default,[],1,1,ChainTrialMakerState
2022-11-30 21:30:57,False,,,{},18,graph_demo,9,2022-11-30 21:30:57,,,True,False,False,ChainTrialMakerState,default,False,,,,0,['default'],0,default,[],1,1,ChainTrialMakerState
2022-11-30 21:31:02,False,,,{},20,graph_demo,10,2022-11-30 21:31:02,,,True,False,False,ChainTrialMakerState,default,False,,,,0,['default'],0,default,[],1,1,ChainTrialMakerState
2022-11-30 21:31:07,False,,,{},22,graph_demo,11,2022-11-30 21:31:07,2022-11-30 21:31:07,,True,True,False,ChainTrialMakerState,default,False,,,,0,['default'],0,default,[],0,0,ChainTrialMakerState
2022-11-30 21:31:12,False,,,{},24,graph_demo,12,2022-11-30 21:31:12,2022-11-30 21:31:12,,True,True,False,ChainTrialMakerState,default,False,,,,0,['default'],0,default,[],0,0,ChainTrialMakerState
2022-11-30 21:31:17,False,,,{},26,graph_demo,13,2022-11-30 21:31:17,2022-11-30 21:31:17,,True,True,False,ChainTrialMakerState,default,False,,,,0,['default'],0,default,[],0,0,ChainTrialMakerState
2022-11-30 21:31:22,False,,,{},28,graph_demo,14,2022-11-30 21:31:22,2022-11-30 21:31:22,,True,True,False,ChainTrialMakerState,default,False,,,,0,['default'],0,default,[],0,0,ChainTrialMakerState
2022-11-30 21:31:27,False,,,{},30,graph_demo,15,2022-11-30 21:31:27,2022-11-30 21:31:27,,True,True,False,ChainTrialMakerState,default,False,,,,0,['default'],0,default,[],0,0,ChainTrialMakerState
2022-11-30 21:31:32,False,,,{},32,graph_demo,16,2022-11-30 21:31:32,2022-11-30 21:31:32,,True,True,False,ChainTrialMakerState,default,False,,,,0,['default'],0,default,[],0,0,ChainTrialMakerState
2022-11-30 21:31:37,False,,,{},34,graph_demo,17,2022-11-30 21:31:37,2022-11-30 21:31:37,,True,True,False,ChainTrialMakerState,default,False,,,,0,['default'],0,default,[],0,0,ChainTrialMakerState
2022-11-30 21:31:42,False,,,{},36,graph_demo,18,2022-11-30 21:31:42,2022-11-30 21:31:42,,True,True,False,ChainTrialMakerState,default,False,,,,0,['default'],0,default,[],0,0,ChainTrialMakerState
2022-11-30 21:31:47,False,,,{},38,graph_demo,19,2022-11-30 21:31:47,2022-11-30 21:31:47,,True,True,False,ChainTrialMakerState,default,False,,,,0,['default'],0,default,[],0,0,ChainTrialMakerState
2022-11-30 21:31:52,False,,,{},40,graph_demo,20,2022-11-30 21:31:52,2022-11-30 21:31:52,,True,True,False,ChainTrialMakerState,default,False,,,,0,['default'],0,default,[],0,0,ChainTrialMakerState
2022-11-30 21:31:57,False,,,{},42,graph_demo,21,2022-11-30 21:31:57,2022-11-30 21:31:57,,True,True,False,ChainTrialMakerState,default,False,,,,0,['default'],0,default,[],0,0,ChainTrialMakerState
2022-11-30 21:32:02,False,,,{},44,graph_demo,22,2022-11-30 21:32:02,2022-11-30 21:32:02,,True,True,False,ChainTrialMakerState,default,False,,,,0,['default'],0,default,[],0,0,ChainTrialMakerState
2022-11-30 21:32:07,False,,,{},46,graph_demo,23,2022-11-30 21:32:07,2022-11-30 21:32:07,,True,True,False,ChainTrialMakerState,default,False,,,,0,['default'],0,default,[],0,0,ChainTrialMakerState
2022-11-30 21:32:12,False,,,{},48,graph_demo,24,2022-11-30 21:32:12,,,True,False,False,ChainTrialMakerState,default,False,,,,0,['default'],0,default,[],1,1,ChainTrialMakerState
2022-11-30 21:32:17,False,,,{},50,graph_demo,25,2022-11-30 21:32:17,,,True,False,False,ChainTrialMakerState,default,False,,,,0,['default'],0,default,[],1,1,ChainTrialMakerState
2022-11-30 21:32:22,False,,,{},52,graph_demo,26,2022-11-30 21:32:22,,,True,False,False,ChainTrialMakerState,default,False,,,,0,['default'],0,default,[],1,1,ChainTrialMakerState
2022-11-30 21:32:27,False,,,{},54,graph_demo,27,2022-11-30 21:32:27,,,True,False,False,ChainTrialMakerState,default,False,,,,0,['default'],0,default,[],1,1,ChainTrialMakerState
2022-11-30 21:32:32,False,,,{},56,graph_demo,28,2022-11-30 21:32:32,,,True,False,False,ChainTrialMakerState,default,False,,,,0,['default'],0,default,[],1,1,ChainTrialMakerState
2022-11-30 21:32:37,False,,,{},58,graph_demo,29,2022-11-30 21:32:37,,,True,False,False,ChainTrialMakerState,default,False,,,,0,['default'],0,default,[],1,1,ChainTrialMakerState
2022-11-30 21:32:42,False,,,{},60,graph_demo,30,2022-11-30 21:32:42,,,True,False,False,ChainTrialMakerState,default,False,,,,0,['default'],0,default,[],1,1,ChainTrialMakerState
2022-11-30 21:32:47,False,,,{},62,graph_demo,31,2022-11-30 21:32:47,,,True,False,False,ChainTrialMakerState,default,False,,,,0,['default'],0,default,[],1,1,ChainTrialMakerState
2022-11-30 21:32:52,False,,,{},64,graph_demo,32,2022-11-30 21:32:52,,,True,False,False,ChainTrialMakerState,default,False,,,,0,['default'],0,default,[],1,1,ChainTrialMakerState
2022-11-30 21:32:57,False,,,{},66,graph_demo,33,2022-11-30 21:32:57,2022-11-30 21:32:57,,True,True,False,ChainTrialMakerState,default,False,,,,0,['default'],0,default,[],0,0,ChainTrialMakerState
2022-11-30 21:33:02,False,,,{},68,graph_demo,34,2022-11-30 21:33:02,2022-11-30 21:33:02,,True,True,False,ChainTrialMakerState,default,False,,,,0,['default'],0,default,[],0,0,ChainTrialMakerState
2022-11-30 21:33:07,False,,,{},70,graph_demo,35,2022-11-30 21:33:07,2022-11-30 21:33:07,,True,True,False,ChainTrialMakerState,default,False,,,,0,['default'],0,default,[],0,0,ChainTrialMakerState
2022-11-30 21:33:12,False,,,{},72,graph_demo,36,2022-11-30 21:33:12,2022-11-30 21:33:12,,True,True,False,ChainTrialMakerState,default,False,,,,0,['default'],0,default,[],0,0,ChainTrialMakerState
2022-11-30 21:33:17,False,,,{},74,graph_demo,37,2022-11-30 21:33:17,2022-11-30 21:33:17,,True,True,False,ChainTrialMakerState,default,False,,,,0,['default'],0,default,[],0,0,ChainTrialMakerState
2022-11-30 21:33:22,False,,,{},76,graph_demo,38,2022-11-30 21:33:22,2022-11-30 21:33:22,,True,True,False,ChainTrialMakerState,default,False,,,,0,['default'],0,default,[],0,0,ChainTrialMakerState
2022-11-30 21:33:27,False,,,{},78,graph_demo,39,2022-11-30 21:33:27,2022-11-30 21:33:27,,True,True,False,ChainTrialMakerState,default,False,,,,0,['default'],0,default,[],0,0,ChainTrialMakerState
2022-11-30 21:33:32,False,,,{},80,graph_demo,40,2022-11-30 21:33:32,2022-11-30 21:33:32,,True,True,False,ChainTrialMakerState,default,False,,,,0,['default'],0,default,[],0,0,ChainTrialMakerState
2022-11-30 21:33:37,False,,,{},82,graph_demo,41,2022-11-30 21:33:37,2022-11-30 21:33:37,,True,True,False,ChainTrialMakerState,default,False,,,,0,['default'],0,default,[],0,0,ChainTrialMakerState
2022-11-30 21:33:42,False,,,{},84,graph_demo,42,2022-11-30 21:33:42,2022-11-30 21:33:42,,True,True,False,ChainTrialMakerState,default,False,,,,0,['default'],0,default,[],0,0,ChainTrialMakerState
2022-11-30 21:33:47,False,,,{},86,graph_demo,43,2022-11-30 21:33:47,2022-11-30 21:33:47,,True,True,False,ChainTrialMakerState,default,False,,,,0,['default'],0,default,[],0,0,ChainTrialMakerState
2022-11-30 21:33:53,False,,,{},88,graph_demo,44,2022-11-30 21:33:53,2022-11-30 21:33:53,,True,True,False,ChainTrialMakerState,default,False,,,,0,['default'],0,default,[],0,0,ChainTrialMakerState
2022-11-30 21:33:57,False,,,{},90,graph_demo,45,2022-11-30 21:33:57,2022-11-30 21:33:57,,True,True,False,ChainTrialMakerState,default,False,,,,0,['default'],0,default,[],0,0,ChainTrialMakerState
2022-11-30 21:34:02,False,,,{},92,graph_demo,46,2022-11-30 21:34:02,2022-11-30 21:34:02,,True,True,False,ChainTrialMakerState,default,False,,,,0,['default'],0,default,[],0,0,ChainTrialMakerState
2022-11-30 21:34:07,False,,,{},94,graph_demo,47,2022-11-30 21:34:07,2022-11-30 21:34:07,,True,True,False,ChainTrialMakerState,default,False,,,,0,['default'],0,default,[],0,0,ChainTrialMakerState
2022-11-30 21:34:12,False,,,{},96,graph_demo,48,2022-11-30 21:34:12,,,True,False,False,ChainTrialMakerState,default,False,,,,0,['default'],0,default,[],1,1,ChainTrialMakerState
2022-11-30 21:34:17,False,,,{},98,graph_demo,49,2022-11-30 21:34:17,,,True,False,False,ChainTrialMakerState,default,False,,,,0,['default'],0,default,[],1,1,ChainTrialMakerState
2022-11-30 21:34:22,False,,,{},100,graph_demo,50,2022-11-30 21:34:22,,,True,False,False,ChainTrialMakerState,default,False,,,,0,['default'],0,default,[],1,1,ChainTrialMakerState
2022-11-30 21:34:27,False,,,{},102,graph_demo,51,2022-11-30 21:34:27,,,True,False,False,ChainTrialMakerState,default,False,,,,0,['default'],0,default,[],1,1,ChainTrialMakerState
2022-11-30 21:34:32,False,,,{},104,graph_demo,52,2022-11-30 21:34:32,,,True,False,False,ChainTrialMakerState,default,False,,,,0,['default'],0,default,[],1,1,ChainTrialMakerState
2022-11-30 21:34:37,False,,,{},106,graph_demo,53,2022-11-30 21:34:37,,,True,False,False,ChainTrialMakerState,default,False,,,,0,['default'],0,default,[],1,1,ChainTrialMakerState
2022-11-30 21:34:42,False,,,{},108,graph_demo,54,2022-11-30 21:34:42,,,True,False,False,ChainTrialMakerState,default,False,,,,0,['default'],0,default,[],1,1,ChainTrialMakerState
2022-11-30 21:34:47,False,,,{},110,graph_demo,55,2022-11-30 21:34:47,,,True,False,False,ChainTrialMakerState,default,False,,,,0,['default'],0,default,[],1,1,ChainTrialMakerState
2022-11-30 21:34:52,False,,,{},112,graph_demo,56,2022-11-30 21:34:52,,,True,False,False,ChainTrialMakerState,default,False,,,,0,['default'],0,default,[],1,1,ChainTrialMakerState
2022-11-30 21:34:57,False,,,{},114,graph_demo,57,2022-11-30 21:34:57,2022-11-30 21:34:57,,True,True,False,ChainTrialMakerState,default,False,,,,0,['default'],0,default,[],0,0,ChainTrialMakerState
2022-11-30 21:35:02,False,,,{},116,graph_demo,58,2022-11-30 21:35:02,2022-11-30 21:35:02,,True,True,False,ChainTrialMakerState,default,False,,,,0,['default'],0,default,[],0,0,ChainTrialMakerState
2022-11-30 21:35:07,False,,,{},118,graph_demo,59,2022-11-30 21:35:07,2022-11-30 21:35:07,,True,True,False,ChainTrialMakerState,default,False,,,,0,['default'],0,default,[],0,0,ChainTrialMakerState
2022-11-30 21:35:12,False,,,{},120,graph_demo,60,2022-11-30 21:35:12,2022-11-30 21:35:12,,True,True,False,ChainTrialMakerState,default,False,,,,0,['default'],0,default,[],0,0,ChainTrialMakerState
2022-11-30 21:35:17,False,,,{},122,graph_demo,61,2022-11-30 21:35:17,2022-11-30 21:35:17,,True,True,False,ChainTrialMakerState,default,False,,,,0,['default'],0,default,[],0,0,ChainTrialMakerState
2022-11-30 21:35:22,False,,,{},124,graph_demo,62,2022-11-30 21:35:22,2022-11-30 21:35:22,,True,True,False,ChainTrialMakerState,default,False,,,,0,['default'],0,default,[],0,0,ChainTrialMakerState
2022-11-30 21:35:27,False,,,{},126,graph_demo,63,2022-11-30 21:35:27,2022-11-30 21:35:27,,True,True,False,ChainTrialMakerState,default,False,,,,0,['default'],0,default,[],0,0,ChainTrialMakerState
2022-11-30 21:35:32,False,,,{},128,graph_demo,64,2022-11-30 21:35:32,2022-11-30 21:35:32,,True,True,False,ChainTrialMakerState,default,False,,,,0,['default'],0,default,[],0,0,ChainTrialMakerState
2022-11-30 21:35:37,False,,,{},130,graph_demo,65,2022-11-30 21:35:37,2022-11-30 21:35:37,,True,True,False,ChainTrialMakerState,default,False,,,,0,['default'],0,default,[],0,0,ChainTrialMakerState
2022-11-30 21:35:42,False,,,{},132,graph_demo,66,2022-11-30 21:35:42,2022-11-30 21:35:42,,True,True,False,ChainTrialMakerState,default,False,,,,0,['default'],0,default,[],0,0,ChainTrialMakerState
2022-11-30 21:35:47,False,,,{},134,graph_demo,67,2022-11-30 21:35:47,2022-11-30 21:35:47,,True,True,False,ChainTrialMakerState,default,False,,,,0,['default'],0,default,[],0,0,ChainTrialMakerState
2022-11-30 21:35:52,False,,,{},136,graph_demo,68,2022-11-30 21:35:52,2022-11-30 21:35:52,,True,True,False,ChainTrialMakerState,default,False,,,,0,['default'],0,default,[],0,0,ChainTrialMakerState
2022-11-30 21:35:58,False,,,{},138,graph_demo,69,2022-11-30 21:35:58,2022-11-30 21:35:58,,True,True,False,ChainTrialMakerState,default,False,,,,0,['default'],0,default,[],0,0,ChainTrialMakerState
2022-11-30 21:36:02,False,,,{},140,graph_demo,70,2022-11-30 21:36:02,2022-11-30 21:36:02,,True,True,False,ChainTrialMakerState,default,False,,,,0,['default'],0,default,[],0,0,ChainTrialMakerState
2022-11-30 21:36:07,False,,,{},142,graph_demo,71,2022-11-30 21:36:07,2022-11-30 21:36:07,,True,True,False,ChainTrialMakerState,default,False,,,,0,['default'],0,default,[],0,0,ChainTrialMakerState
2022-11-30 21:36:12,False,,,{},144,graph_demo,72,2022-11-30 21:36:12,,,True,False,False,ChainTrialMakerState,default,False,,,,0,['default'],0,default,[],1,1,ChainTrialMakerState
2022-11-30 21:36:17,False,,,{},146,graph_demo,73,2022-11-30 21:36:17,,,True,False,False,ChainTrialMakerState,default,False,,,,0,['default'],0,default,[],1,1,ChainTrialMakerState
2022-11-30 21:36:22,False,,,{},148,graph_demo,74,2022-11-30 21:36:22,,,True,False,False,ChainTrialMakerState,default,False,,,,0,['default'],0,default,[],1,1,ChainTrialMakerState
2022-11-30 21:36:27,False,,,{},150,graph_demo,75,2022-11-30 21:36:27,,,True,False,False,ChainTrialMakerState,default,False,,,,0,['default'],0,default,[],1,1,ChainTrialMakerState
2022-11-30 21:36:32,False,,,{},152,graph_demo,76,2022-11-30 21:36:32,,,True,False,False,ChainTrialMakerState,default,False,,,,0,['default'],0,default,[],1,1,ChainTrialMakerState
2022-11-30 21:36:37,False,,,{},154,graph_demo,77,2022-11-30 21:36:37,,,True,False,False,ChainTrialMakerState,default,False,,,,0,['default'],0,default,[],1,1,ChainTrialMakerState
2022-11-30 21:36:42,False,,,{},156,graph_demo,78,2022-11-30 21:36:42,,,True,False,False,ChainTrialMakerState,default,False,,,,0,['default'],0,default,[],1,1,ChainTrialMakerState
2022-11-30 21:36:47,False,,,{},158,graph_demo,79,2022-11-30 21:36:47,,,True,False,False,ChainTrialMakerState,default,False,,,,0,['default'],0,default,[],1,1,ChainTrialMakerState
2022-11-30 21:36:52,False,,,{},160,graph_demo,80,2022-11-30 21:36:52,,,True,False,False,ChainTrialMakerState,default,False,,,,0,['default'],0,default,[],1,1,ChainTrialMakerState
2022-11-30 21:36:57,False,,,{},162,graph_demo,81,2022-11-30 21:36:57,2022-11-30 21:36:57,,True,True,False,ChainTrialMakerState,default,False,,,,0,['default'],0,default,[],0,0,ChainTrialMakerState
2022-11-30 21:37:02,False,,,{},164,graph_demo,82,2022-11-30 21:37:02,2022-11-30 21:37:02,,True,True,False,ChainTrialMakerState,default,False,,,,0,['default'],0,default,[],0,0,ChainTrialMakerState
2022-11-30 21:37:07,False,,,{},166,graph_demo,83,2022-11-30 21:37:07,2022-11-30 21:37:07,,True,True,False,ChainTrialMakerState,default,False,,,,0,['default'],0,default,[],0,0,ChainTrialMakerState
2022-11-30 21:37:12,False,,,{},168,graph_demo,84,2022-11-30 21:37:12,2022-11-30 21:37:12,,True,True,False,ChainTrialMakerState,default,False,,,,0,['default'],0,default,[],0,0,ChainTrialMakerState
2022-11-30 21:37:17,False,,,{},170,graph_demo,85,2022-11-30 21:37:17,2022-11-30 21:37:17,,True,True,False,ChainTrialMakerState,default,False,,,,0,['default'],0,default,[],0,0,ChainTrialMakerState
2022-11-30 21:37:22,False,,,{},172,graph_demo,86,2022-11-30 21:37:22,2022-11-30 21:37:22,,True,True,False,ChainTrialMakerState,default,False,,,,0,['default'],0,default,[],0,0,ChainTrialMakerState
2022-11-30 21:37:27,False,,,{},174,graph_demo,87,2022-11-30 21:37:27,2022-11-30 21:37:27,,True,True,False,ChainTrialMakerState,default,False,,,,0,['default'],0,default,[],0,0,ChainTrialMakerState
2022-11-30 21:37:32,False,,,{},176,graph_demo,88,2022-11-30 21:37:32,2022-11-30 21:37:32,,True,True,False,ChainTrialMakerState,default,False,,,,0,['default'],0,default,[],0,0,ChainTrialMakerState
2022-11-30 21:37:37,False,,,{},178,graph_demo,89,2022-11-30 21:37:37,2022-11-30 21:37:37,,True,True,False,ChainTrialMakerState,default,False,,,,0,['default'],0,default,[],0,0,ChainTrialMakerState
2022-11-30 21:37:42,False,,,{},180,graph_demo,90,2022-11-30 21:37:42,2022-11-30 21:37:42,,True,True,False,ChainTrialMakerState,default,False,,,,0,['default'],0,default,[],0,0,ChainTrialMakerState
2022-11-30 21:37:47,False,,,{},182,graph_demo,91,2022-11-30 21:37:47,2022-11-30 21:37:47,,True,True,False,ChainTrialMakerState,default,False,,,,0,['default'],0,default,[],0,0,ChainTrialMakerState
2022-11-30 21:37:52,False,,,{},184,graph_demo,92,2022-11-30 21:37:52,2022-11-30 21:37:52,,True,True,False,ChainTrialMakerState,default,False,,,,0,['default'],0,default,[],0,0,ChainTrialMakerState
2022-11-30 21:37:57,False,,,{},186,graph_demo,93,2022-11-30 21:37:57,2022-11-30 21:37:57,,True,True,False,ChainTrialMakerState,default,False,,,,0,['default'],0,default,[],0,0,ChainTrialMakerState
2022-11-30 21:38:02,False,,,{},188,graph_demo,94,2022-11-30 21:38:02,2022-11-30 21:38:02,,True,True,False,ChainTrialMakerState,default,False,,,,0,['default'],0,default,[],0,0,ChainTrialMakerState
2022-11-30 21:38:07,False,,,{},190,graph_demo,95,2022-11-30 21:38:07,2022-11-30 21:38:07,,True,True,False,ChainTrialMakerState,default,False,,,,0,['default'],0,default,[],0,0,ChainTrialMakerState
2022-11-30 21:38:12,False,,,{},192,graph_demo,96,2022-11-30 21:38:12,,,True,False,False,ChainTrialMakerState,default,False,,,,0,['default'],0,default,[],1,1,ChainTrialMakerState
2022-11-30 21:38:17,False,,,{},194,graph_demo,97,2022-11-30 21:38:17,,,True,False,False,ChainTrialMakerState,default,False,,,,0,['default'],0,default,[],1,1,ChainTrialMakerState
2022-11-30 21:38:22,False,,,{},196,graph_demo,98,2022-11-30 21:38:22,,,True,False,False,ChainTrialMakerState,default,False,,,,0,['default'],0,default,[],1,1,ChainTrialMakerState
2022-11-30 21:38:27,False,,,{},198,graph_demo,99,2022-11-30 21:38:27,,,True,False,False,ChainTrialMakerState,default,False,,,,0,['default'],0,default,[],1,1,ChainTrialMakerState
2022-11-30 21:38:32,False,,,{},200,graph_demo,100,2022-11-30 21:38:32,,,True,False,False,ChainTrialMakerState,default,False,,,,0,['default'],0,default,[],1,1,ChainTrialMakerState
2022-11-30 21:38:37,False,,,{},202,graph_demo,101,2022-11-30 21:38:37,,,True,False,False,ChainTrialMakerState,default,False,,,,0,['default'],0,default,[],1,1,ChainTrialMakerState
2022-11-30 21:38:42,False,,,{},204,graph_demo,102,2022-11-30 21:38:42,,,True,False,False,ChainTrialMakerState,default,False,,,,0,['default'],0,default,[],1,1,ChainTrialMakerState
2022-11-30 21:38:47,False,,,{},206,graph_demo,103,2022-11-30 21:38:47,,,True,False,False,ChainTrialMakerState,default,False,,,,0,['default'],0,default,[],1,1,ChainTrialMakerState
2022-11-30 21:38:52,False,,,{},208,graph_demo,104,2022-11-30 21:38:52,,,True,False,False,ChainTrialMakerState,default,False,,,,0,['default'],0,default,[],1,1,ChainTrialMakerState
2022-11-30 21:38:57,False,,,{},210,graph_demo,105,2022-11-30 21:38:57,2022-11-30 21:38:57,,True,True,False,ChainTrialMakerState,default,False,,,,0,['default'],0,default,[],0,0,ChainTrialMakerState
2022-11-30 21:39:02,False,,,{},212,graph_demo,106,2022-11-30 21:39:02,2022-11-30 21:39:02,,True,True,False,ChainTrialMakerState,default,False,,,,0,['default'],0,default,[],0,0,ChainTrialMakerState
2022-11-30 21:39:07,False,,,{},214,graph_demo,107,2022-11-30 21:39:07,2022-11-30 21:39:07,,True,True,False,ChainTrialMakerState,default,False,,,,0,['default'],0,default,[],0,0,ChainTrialMakerState
2022-11-30 21:39:12,False,,,{},216,graph_demo,108,2022-11-30 21:39:12,2022-11-30 21:39:12,,True,True,False,ChainTrialMakerState,default,False,,,,0,['default'],0,default,[],0,0,ChainTrialMakerState
2022-11-30 21:39:17,False,,,{},218,graph_demo,109,2022-11-30 21:39:17,2022-11-30 21:39:17,,True,True,False,ChainTrialMakerState,default,False,,,,0,['default'],0,default,[],0,0,ChainTrialMakerState
2022-11-30 21:39:22,False,,,{},220,graph_demo,110,2022-11-30 21:39:22,2022-11-30 21:39:22,,True,True,False,ChainTrialMakerState,default,False,,,,0,['default'],0,default,[],0,0,ChainTrialMakerState
2022-11-30 21:39:27,False,,,{},222,graph_demo,111,2022-11-30 21:39:27,2022-11-30 21:39:27,,True,True,False,ChainTrialMakerState,default,False,,,,0,['default'],0,default,[],0,0,ChainTrialMakerState
2022-11-30 21:39:32,False,,,{},224,graph_demo,112,2022-11-30 21:39:32,2022-11-30 21:39:32,,True,True,False,ChainTrialMakerState,default,False,,,,0,['default'],0,default,[],0,0,ChainTrialMakerState
2022-11-30 21:39:37,False,,,{},226,graph_demo,113,2022-11-30 21:39:37,2022-11-30 21:39:37,,True,True,False,ChainTrialMakerState,default,False,,,,0,['default'],0,default,[],0,0,ChainTrialMakerState
2022-11-30 21:39:42,False,,,{},228,graph_demo,114,2022-11-30 21:39:42,2022-11-30 21:39:42,,True,True,False,ChainTrialMakerState,default,False,,,,0,['default'],0,default,[],0,0,ChainTrialMakerState
2022-11-30 21:39:47,False,,,{},230,graph_demo,115,2022-11-30 21:39:47,2022-11-30 21:39:47,,True,True,False,ChainTrialMakerState,default,False,,,,0,['default'],0,default,[],0,0,ChainTrialMakerState
2022-11-30 21:39:52,False,,,{},232,graph_demo,116,2022-11-30 21:39:52,2022-11-30 21:39:52,,True,True,False,ChainTrialMakerState,default,False,,,,0,['default'],0,default,[],0,0,ChainTrialMakerState
2022-11-30 21:39:57,False,,,{},234,graph_demo,117,2022-11-30 21:39:57,2022-11-30 21:39:57,,True,True,False,ChainTrialMakerState,default,False,,,,0,['default'],0,default,[],0,0,ChainTrialMakerState
2022-11-30 21:40:02,False,,,{},236,graph_demo,118,2022-11-30 21:40:02,2022-11-30 21:40:02,,True,True,False,ChainTrialMakerState,default,False,,,,0,['default'],0,default,[],0,0,ChainTrialMakerState
2022-11-30 21:40:07,False,,,{},238,graph_demo,119,2022-11-30 21:40:07,2022-11-30 21:40:07,,True,True,False,ChainTrialMakerState,default,False,,,,0,['default'],0,default,[],0,0,ChainTrialMakerState
2022-11-30 21:40:12,False,,,{},240,graph_demo,120,2022-11-30 21:40:12,,,True,False,False,ChainTrialMakerState,default,False,,,,0,['default'],0,default,[],1,1,ChainTrialMakerState
2022-11-30 21:40:17,False,,,{},242,graph_demo,121,2022-11-30 21:40:17,,,True,False,False,ChainTrialMakerState,default,False,,,,0,['default'],0,default,[],1,1,ChainTrialMakerState
2022-11-30 21:40:22,False,,,{},244,graph_demo,122,2022-11-30 21:40:22,,,True,False,False,ChainTrialMakerState,default,False,,,,0,['default'],0,default,[],1,1,ChainTrialMakerState
2022-11-30 21:40:27,False,,,{},246,graph_demo,123,2022-11-30 21:40:27,,,True,False,False,ChainTrialMakerState,default,False,,,,0,['default'],0,default,[],1,1,ChainTrialMakerState
2022-11-30 21:40:32,False,,,{},248,graph_demo,124,2022-11-30 21:40:32,,,True,False,False,ChainTrialMakerState,default,False,,,,0,['default'],0,default,[],1,1,ChainTrialMakerState
2022-11-30 21:40:37,False,,,{},250,graph_demo,125,2022-11-30 21:40:37,,,True,False,False,ChainTrialMakerState,default,False,,,,0,['default'],0,default,[],1,1,ChainTrialMakerState
2022-11-30 21:40:42,False,,,{},252,graph_demo,126,2022-11-30 21:40:42,,,True,False,False,ChainTrialMakerState,default,False,,,,0,['default'],0,default,[],1,1,ChainTrialMakerState
2022-11-30 21:40:47,False,,,{},254,graph_demo,127,2022-11-30 21:40:47,,,True,False,False,ChainTrialMakerState,default,False,,,,0,['default'],0,default,[],1,1,ChainTrialMakerState
2022-11-30 21:40:52,False,,,{},256,graph_demo,128,2022-11-30 21:40:52,,,True,False,False,ChainTrialMakerState,default,False,,,,0,['default'],0,default,[],1,1,ChainTrialMakerState
2022-11-30 21:40:57,False,,,{},258,graph_demo,129,2022-11-30 21:40:57,2022-11-30 21:40:57,,True,True,False,ChainTrialMakerState,default,False,,,,0,['default'],0,default,[],0,0,ChainTrialMakerState
2022-11-30 21:41:02,False,,,{},260,graph_demo,130,2022-11-30 21:41:02,2022-11-30 21:41:02,,True,True,False,ChainTrialMakerState,default,False,,,,0,['default'],0,default,[],0,0,ChainTrialMakerState
2022-11-30 21:41:07,False,,,{},262,graph_demo,131,2022-11-30 21:41:07,2022-11-30 21:41:07,,True,True,False,ChainTrialMakerState,default,False,,,,0,['default'],0,default,[],0,0,ChainTrialMakerState
2022-11-30 21:41:12,False,,,{},264,graph_demo,132,2022-11-30 21:41:12,2022-11-30 21:41:12,,True,True,False,ChainTrialMakerState,default,False,,,,0,['default'],0,default,[],0,0,ChainTrialMakerState
2022-11-30 21:41:17,False,,,{},266,graph_demo,133,2022-11-30 21:41:17,2022-11-30 21:41:17,,True,True,False,ChainTrialMakerState,default,False,,,,0,['default'],0,default,[],0,0,ChainTrialMakerState
2022-11-30 21:41:22,False,,,{},268,graph_demo,134,2022-11-30 21:41:22,2022-11-30 21:41:22,,True,True,False,ChainTrialMakerState,default,False,,,,0,['default'],0,default,[],0,0,ChainTrialMakerState
2022-11-30 21:41:27,False,,,{},270,graph_demo,135,2022-11-30 21:41:27,2022-11-30 21:41:27,,True,True,False,ChainTrialMakerState,default,False,,,,0,['default'],0,default,[],0,0,ChainTrialMakerState
2022-11-30 21:41:32,False,,,{},272,graph_demo,136,2022-11-30 21:41:32,2022-11-30 21:41:32,,True,True,False,ChainTrialMakerState,default,False,,,,0,['default'],0,default,[],0,0,ChainTrialMakerState
2022-11-30 21:41:37,False,,,{},274,graph_demo,137,2022-11-30 21:41:37,2022-11-30 21:41:37,,True,True,False,ChainTrialMakerState,default,False,,,,0,['default'],0,default,[],0,0,ChainTrialMakerState
2022-11-30 21:41:42,False,,,{},276,graph_demo,138,2022-11-30 21:41:42,2022-11-30 21:41:42,,True,True,False,ChainTrialMakerState,default,False,,,,0,['default'],0,default,[],0,0,ChainTrialMakerState
2022-11-30 21:41:47,False,,,{},278,graph_demo,139,2022-11-30 21:41:47,2022-11-30 21:41:47,,True,True,False,ChainTrialMakerState,default,False,,,,0,['default'],0,default,[],0,0,ChainTrialMakerState
2022-11-30 21:41:52,False,,,{},280,graph_demo,140,2022-11-30 21:41:52,2022-11-30 21:41:52,,True,True,False,ChainTrialMakerState,default,False,,,,0,['default'],0,default,[],0,0,ChainTrialMakerState
2022-11-30 21:41:57,False,,,{},282,graph_demo,141,2022-11-30 21:41:57,2022-11-30 21:41:57,,True,True,False,ChainTrialMakerState,default,False,,,,0,['default'],0,default,[],0,0,ChainTrialMakerState
2022-11-30 21:42:02,False,,,{},284,graph_demo,142,2022-11-30 21:42:02,2022-11-30 21:42:02,,True,True,False,ChainTrialMakerState,default,False,,,,0,['default'],0,default,[],0,0,ChainTrialMakerState
2022-11-30 21:42:07,False,,,{},286,graph_demo,143,2022-11-30 21:42:07,2022-11-30 21:42:07,,True,True,False,ChainTrialMakerState,default,False,,,,0,['default'],0,default,[],0,0,ChainTrialMakerState
2022-11-30 21:42:12,False,,,{},288,graph_demo,144,2022-11-30 21:42:12,,,True,False,False,ChainTrialMakerState,default,False,,,,0,['default'],0,default,[],1,1,ChainTrialMakerState
2022-11-30 21:42:17,False,,,{},290,graph_demo,145,2022-11-30 21:42:17,,,True,False,False,ChainTrialMakerState,default,False,,,,0,['default'],0,default,[],1,1,ChainTrialMakerState
2022-11-30 21:42:22,False,,,{},292,graph_demo,146,2022-11-30 21:42:22,,,True,False,False,ChainTrialMakerState,default,False,,,,0,['default'],0,default,[],1,1,ChainTrialMakerState
2022-11-30 21:42:27,False,,,{},294,graph_demo,147,2022-11-30 21:42:27,,,True,False,False,ChainTrialMakerState,default,False,,,,0,['default'],0,default,[],1,1,ChainTrialMakerState
2022-11-30 21:42:32,False,,,{},296,graph_demo,148,2022-11-30 21:42:32,,,True,False,False,ChainTrialMakerState,default,False,,,,0,['default'],0,default,[],1,1,ChainTrialMakerState
2022-11-30 21:42:37,False,,,{},298,graph_demo,149,2022-11-30 21:42:37,,,True,False,False,ChainTrialMakerState,default,False,,,,0,['default'],0,default,[],1,1,ChainTrialMakerState
2022-11-30 21:42:42,False,,,{},300,graph_demo,150,2022-11-30 21:42:42,,,True,False,False,ChainTrialMakerState,default,False,,,,0,['default'],0,default,[],1,1,ChainTrialMakerState
2022-11-30 21:42:47,False,,,{},302,graph_demo,151,2022-11-30 21:42:47,,,True,False,False,ChainTrialMakerState,default,False,,,,0,['default'],0,default,[],1,1,ChainTrialMakerState
2022-11-30 21:42:52,False,,,{},304,graph_demo,152,2022-11-30 21:42:52,,,True,False,False,ChainTrialMakerState,default,False,,,,0,['default'],0,default,[],1,1,ChainTrialMakerState
2022-11-30 21:42:57,False,,,{},306,graph_demo,153,2022-11-30 21:42:57,2022-11-30 21:42:57,,True,True,False,ChainTrialMakerState,default,False,,,,0,['default'],0,default,[],0,0,ChainTrialMakerState
2022-11-30 21:43:02,False,,,{},308,graph_demo,154,2022-11-30 21:43:02,2022-11-30 21:43:02,,True,True,False,ChainTrialMakerState,default,False,,,,0,['default'],0,default,[],0,0,ChainTrialMakerState
2022-11-30 21:43:07,False,,,{},310,graph_demo,155,2022-11-30 21:43:07,2022-11-30 21:43:07,,True,True,False,ChainTrialMakerState,default,False,,,,0,['default'],0,default,[],0,0,ChainTrialMakerState
2022-11-30 21:43:12,False,,,{},312,graph_demo,156,2022-11-30 21:43:12,2022-11-30 21:43:12,,True,True,False,ChainTrialMakerState,default,False,,,,0,['default'],0,default,[],0,0,ChainTrialMakerState
2022-11-30 21:43:17,False,,,{},314,graph_demo,157,2022-11-30 21:43:17,2022-11-30 21:43:17,,True,True,False,ChainTrialMakerState,default,False,,,,0,['default'],0,default,[],0,0,ChainTrialMakerState
2022-11-30 21:43:22,False,,,{},316,graph_demo,158,2022-11-30 21:43:22,2022-11-30 21:43:22,,True,True,False,ChainTrialMakerState,default,False,,,,0,['default'],0,default,[],0,0,ChainTrialMakerState
2022-11-30 21:43:27,False,,,{},318,graph_demo,159,2022-11-30 21:43:27,2022-11-30 21:43:27,,True,True,False,ChainTrialMakerState,default,False,,,,0,['default'],0,default,[],0,0,ChainTrialMakerState
2022-11-30 21:43:32,False,,,{},320,graph_demo,160,2022-11-30 21:43:32,2022-11-30 21:43:32,,True,True,False,ChainTrialMakerState,default,False,,,,0,['default'],0,default,[],0,0,ChainTrialMakerState
2022-11-30 21:43:37,False,,,{},322,graph_demo,161,2022-11-30 21:43:37,2022-11-30 21:43:37,,True,True,False,ChainTrialMakerState,default,False,,,,0,['default'],0,default,[],0,0,ChainTrialMakerState
2022-11-30 21:43:42,False,,,{},324,graph_demo,162,2022-11-30 21:43:42,2022-11-30 21:43:42,,True,True,False,ChainTrialMakerState,default,False,,,,0,['default'],0,default,[],0,0,ChainTrialMakerState
2022-11-30 21:43:47,False,,,{},326,graph_demo,163,2022-11-30 21:43:47,2022-11-30 21:43:47,,True,True,False,ChainTrialMakerState,default,False,,,,0,['default'],0,default,[],0,0,ChainTrialMakerState
2022-11-30 21:43:52,False,,,{},328,graph_demo,164,2022-11-30 21:43:52,2022-11-30 21:43:52,,True,True,False,ChainTrialMakerState,default,False,,,,0,['default'],0,default,[],0,0,ChainTrialMakerState
2022-11-30 21:43:57,False,,,{},330,graph_demo,165,2022-11-30 21:43:57,2022-11-30 21:43:57,,True,True,False,ChainTrialMakerState,default,False,,,,0,['default'],0,default,[],0,0,ChainTrialMakerState
2022-11-30 21:44:02,False,,,{},332,graph_demo,166,2022-11-30 21:44:02,2022-11-30 21:44:02,,True,True,False,ChainTrialMakerState,default,False,,,,0,['default'],0,default,[],0,0,ChainTrialMakerState
2022-11-30 21:44:07,False,,,{},334,graph_demo,167,2022-11-30 21:44:07,2022-11-30 21:44:07,,True,True,False,ChainTrialMakerState,default,False,,,,0,['default'],0,default,[],0,0,ChainTrialMakerState
2022-11-30 21:44:12,False,,,{},336,graph_demo,168,2022-11-30 21:44:12,,,True,False,False,ChainTrialMakerState,default,False,,,,0,['default'],0,default,[],1,1,ChainTrialMakerState
2022-11-30 21:44:17,False,,,{},338,graph_demo,169,2022-11-30 21:44:17,,,True,False,False,ChainTrialMakerState,default,False,,,,0,['default'],0,default,[],1,1,ChainTrialMakerState
2022-11-30 21:44:22,False,,,{},340,graph_demo,170,2022-11-30 21:44:22,,,True,False,False,ChainTrialMakerState,default,False,,,,0,['default'],0,default,[],1,1,ChainTrialMakerState
2022-11-30 21:44:27,False,,,{},342,graph_demo,171,2022-11-30 21:44:27,,,True,False,False,ChainTrialMakerState,default,False,,,,0,['default'],0,default,[],1,1,ChainTrialMakerState
2022-11-30 21:44:32,False,,,{},344,graph_demo,172,2022-11-30 21:44:32,,,True,False,False,ChainTrialMakerState,default,False,,,,0,['default'],0,default,[],1,1,ChainTrialMakerState
2022-11-30 21:44:37,False,,,{},346,graph_demo,173,2022-11-30 21:44:37,,,True,False,False,ChainTrialMakerState,default,False,,,,0,['default'],0,default,[],1,1,ChainTrialMakerState
2022-11-30 21:44:42,False,,,{},348,graph_demo,174,2022-11-30 21:44:42,,,True,False,False,ChainTrialMakerState,default,False,,,,0,['default'],0,default,[],1,1,ChainTrialMakerState
2022-11-30 21:44:47,False,,,{},350,graph_demo,175,2022-11-30 21:44:47,,,True,False,False,ChainTrialMakerState,default,False,,,,0,['default'],0,default,[],1,1,ChainTrialMakerState
2022-11-30 21:44:52,False,,,{},352,graph_demo,176,2022-11-30 21:44:52,,,True,False,False,ChainTrialMakerState,default,False,,,,0,['default'],0,default,[],1,1,ChainTrialMakerState
2022-11-30 21:44:57,False,,,{},354,graph_demo,177,2022-11-30 21:44:57,2022-11-30 21:44:57,,True,True,False,ChainTrialMakerState,default,False,,,,0,['default'],0,default,[],0,0,ChainTrialMakerState
2022-11-30 21:45:02,False,,,{},356,graph_demo,178,2022-11-30 21:45:02,2022-11-30 21:45:02,,True,True,False,ChainTrialMakerState,default,False,,,,0,['default'],0,default,[],0,0,ChainTrialMakerState
2022-11-30 21:45:07,False,,,{},358,graph_demo,179,2022-11-30 21:45:07,2022-11-30 21:45:07,,True,True,False,ChainTrialMakerState,default,False,,,,0,['default'],0,default,[],0,0,ChainTrialMakerState
2022-11-30 21:45:12,False,,,{},360,graph_demo,180,2022-11-30 21:45:12,2022-11-30 21:45:12,,True,True,False,ChainTrialMakerState,default,False,,,,0,['default'],0,default,[],0,0,ChainTrialMakerState
2022-11-30 21:45:17,False,,,{},362,graph_demo,181,2022-11-30 21:45:17,2022-11-30 21:45:17,,True,True,False,ChainTrialMakerState,default,False,,,,0,['default'],0,default,[],0,0,ChainTrialMakerState
2022-11-30 21:45:22,False,,,{},364,graph_demo,182,2022-11-30 21:45:22,2022-11-30 21:45:22,,True,True,False,ChainTrialMakerState,default,False,,,,0,['default'],0,default,[],0,0,ChainTrialMakerState
2022-11-30 21:45:27,False,,,{},366,graph_demo,183,2022-11-30 21:45:27,2022-11-30 21:45:27,,True,True,False,ChainTrialMakerState,default,False,,,,0,['default'],0,default,[],0,0,ChainTrialMakerState
2022-11-30 21:45:32,False,,,{},368,graph_demo,184,2022-11-30 21:45:32,2022-11-30 21:45:32,,True,True,False,ChainTrialMakerState,default,False,,,,0,['default'],0,default,[],0,0,ChainTrialMakerState
2022-11-30 21:45:37,False,,,{},370,graph_demo,185,2022-11-30 21:45:37,2022-11-30 21:45:37,,True,True,False,ChainTrialMakerState,default,False,,,,0,['default'],0,default,[],0,0,ChainTrialMakerState
2022-11-30 21:45:42,False,,,{},372,graph_demo,186,2022-11-30 21:45:42,2022-11-30 21:45:42,,True,True,False,ChainTrialMakerState,default,False,,,,0,['default'],0,default,[],0,0,ChainTrialMakerState
2022-11-30 21:45:47,False,,,{},374,graph_demo,187,2022-11-30 21:45:47,2022-11-30 21:45:47,,True,True,False,ChainTrialMakerState,default,False,,,,0,['default'],0,default,[],0,0,ChainTrialMakerState
2022-11-30 21:45:52,False,,,{},376,graph_demo,188,2022-11-30 21:45:52,2022-11-30 21:45:52,,True,True,False,ChainTrialMakerState,default,False,,,,0,['default'],0,default,[],0,0,ChainTrialMakerState
2022-11-30 21:45:57,False,,,{},378,graph_demo,189,2022-11-30 21:45:57,2022-11-30 21:45:57,,True,True,False,ChainTrialMakerState,default,False,,,,0,['default'],0,default,[],0,0,ChainTrialMakerState
2022-11-30 21:46:02,False,,,{},380,graph_demo,190,2022-11-30 21:46:02,2022-11-30 21:46:02,,True,True,False,ChainTrialMakerState,default,False,,,,0,['default'],0,default,[],0,0,ChainTrialMakerState
2022-11-30 21:46:07,False,,,{},382,graph_demo,191,2022-11-30 21:46:07,2022-11-30 21:46:07,,True,True,False,ChainTrialMakerState,default,False,,,,0,['default'],0,default,[],0,0,ChainTrialMakerState
2022-11-30 21:46:12,False,,,{},384,graph_demo,192,2022-11-30 21:46:12,,,True,False,False,ChainTrialMakerState,default,False,,,,0,['default'],0,default,[],1,1,ChainTrialMakerState
2022-11-30 21:46:17,False,,,{},386,graph_demo,193,2022-11-30 21:46:17,,,True,False,False,ChainTrialMakerState,default,False,,,,0,['default'],0,default,[],1,1,ChainTrialMakerState
2022-11-30 21:46:22,False,,,{},388,graph_demo,194,2022-11-30 21:46:22,,,True,False,False,ChainTrialMakerState,default,False,,,,0,['default'],0,default,[],1,1,ChainTrialMakerState
2022-11-30 21:46:27,False,,,{},390,graph_demo,195,2022-11-30 21:46:27,,,True,False,False,ChainTrialMakerState,default,False,,,,0,['default'],0,default,[],1,1,ChainTrialMakerState
2022-11-30 21:46:32,False,,,{},392,graph_demo,196,2022-11-30 21:46:32,,,True,False,False,ChainTrialMakerState,default,False,,,,0,['default'],0,default,[],1,1,ChainTrialMakerState
2022-11-30 21:46:37,False,,,{},394,graph_demo,197,2022-11-30 21:46:37,,,True,False,False,ChainTrialMakerState,default,False,,,,0,['default'],0,default,[],1,1,ChainTrialMakerState
2022-11-30 21:46:42,False,,,{},396,graph_demo,198,2022-11-30 21:46:42,,,True,False,False,ChainTrialMakerState,default,False,,,,0,['default'],0,default,[],1,1,ChainTrialMakerState
2022-11-30 21:46:47,False,,,{},398,graph_demo,199,2022-11-30 21:46:47,,,True,False,False,ChainTrialMakerState,default,False,,,,0,['default'],0,default,[],1,1,ChainTrialMakerState
2022-11-30 21:46:52,False,,,{},400,graph_demo,200,2022-11-30 21:46:52,,,True,False,False,ChainTrialMakerState,default,False,,,,0,['default'],0,default,[],1,1,ChainTrialMakerState
2022-11-30 21:46:57,False,,,{},402,graph_demo,201,2022-11-30 21:46:57,2022-11-30 21:46:57,,True,True,False,ChainTrialMakerState,default,False,,,,0,['default'],0,default,[],0,0,ChainTrialMakerState
2022-11-30 21:47:02,False,,,{},404,graph_demo,202,2022-11-30 21:47:02,2022-11-30 21:47:02,,True,True,False,ChainTrialMakerState,default,False,,,,0,['default'],0,default,[],0,0,ChainTrialMakerState
2022-11-30 21:47:07,False,,,{},406,graph_demo,203,2022-11-30 21:47:07,2022-11-30 21:47:07,,True,True,False,ChainTrialMakerState,default,False,,,,0,['default'],0,default,[],0,0,ChainTrialMakerState
2022-11-30 21:47:12,False,,,{},408,graph_demo,204,2022-11-30 21:47:12,2022-11-30 21:47:12,,True,True,False,ChainTrialMakerState,default,False,,,,0,['default'],0,default,[],0,0,ChainTrialMakerState
2022-11-30 21:47:17,False,,,{},410,graph_demo,205,2022-11-30 21:47:17,2022-11-30 21:47:17,,True,True,False,ChainTrialMakerState,default,False,,,,0,['default'],0,default,[],0,0,ChainTrialMakerState
2022-11-30 21:47:22,False,,,{},412,graph_demo,206,2022-11-30 21:47:22,2022-11-30 21:47:22,,True,True,False,ChainTrialMakerState,default,False,,,,0,['default'],0,default,[],0,0,ChainTrialMakerState
2022-11-30 21:47:27,False,,,{},414,graph_demo,207,2022-11-30 21:47:27,2022-11-30 21:47:27,,True,True,False,ChainTrialMakerState,default,False,,,,0,['default'],0,default,[],0,0,ChainTrialMakerState
2022-11-30 21:47:32,False,,,{},416,graph_demo,208,2022-11-30 21:47:32,2022-11-30 21:47:32,,True,True,False,ChainTrialMakerState,default,False,,,,0,['default'],0,default,[],0,0,ChainTrialMakerState
2022-11-30 21:47:37,False,,,{},418,graph_demo,209,2022-11-30 21:47:37,2022-11-30 21:47:37,,True,True,False,ChainTrialMakerState,default,False,,,,0,['default'],0,default,[],0,0,ChainTrialMakerState
2022-11-30 21:47:42,False,,,{},420,graph_demo,210,2022-11-30 21:47:42,2022-11-30 21:47:42,,True,True,False,ChainTrialMakerState,default,False,,,,0,['default'],0,default,[],0,0,ChainTrialMakerState
2022-11-30 21:47:47,False,,,{},422,graph_demo,211,2022-11-30 21:47:47,2022-11-30 21:47:47,,True,True,False,ChainTrialMakerState,default,False,,,,0,['default'],0,default,[],0,0,ChainTrialMakerState
2022-11-30 21:47:52,False,,,{},424,graph_demo,212,2022-11-30 21:47:52,2022-11-30 21:47:52,,True,True,False,ChainTrialMakerState,default,False,,,,0,['default'],0,default,[],0,0,ChainTrialMakerState
2022-11-30 21:47:57,False,,,{},426,graph_demo,213,2022-11-30 21:47:57,2022-11-30 21:47:57,,True,True,False,ChainTrialMakerState,default,False,,,,0,['default'],0,default,[],0,0,ChainTrialMakerState
2022-11-30 21:48:02,False,,,{},428,graph_demo,214,2022-11-30 21:48:02,2022-11-30 21:48:02,,True,True,False,ChainTrialMakerState,default,False,,,,0,['default'],0,default,[],0,0,ChainTrialMakerState
2022-11-30 21:48:07,False,,,{},430,graph_demo,215,2022-11-30 21:48:07,2022-11-30 21:48:07,,True,True,False,ChainTrialMakerState,default,False,,,,0,['default'],0,default,[],0,0,ChainTrialMakerState
2022-11-30 21:48:12,False,,,{},432,graph_demo,216,2022-11-30 21:48:12,,,True,False,False,ChainTrialMakerState,default,False,,,,0,['default'],0,default,[],1,1,ChainTrialMakerState
2022-11-30 21:48:17,False,,,{},434,graph_demo,217,2022-11-30 21:48:17,,,True,False,False,ChainTrialMakerState,default,False,,,,0,['default'],0,default,[],1,1,ChainTrialMakerState
2022-11-30 21:48:22,False,,,{},436,graph_demo,218,2022-11-30 21:48:22,,,True,False,False,ChainTrialMakerState,default,False,,,,0,['default'],0,default,[],1,1,ChainTrialMakerState
2022-11-30 21:48:27,False,,,{},438,graph_demo,219,2022-11-30 21:48:27,,,True,False,False,ChainTrialMakerState,default,False,,,,0,['default'],0,default,[],1,1,ChainTrialMakerState
2022-11-30 21:48:32,False,,,{},440,graph_demo,220,2022-11-30 21:48:32,,,True,False,False,ChainTrialMakerState,default,False,,,,0,['default'],0,default,[],1,1,ChainTrialMakerState
2022-11-30 21:48:37,False,,,{},442,graph_demo,221,2022-11-30 21:48:37,,,True,False,False,ChainTrialMakerState,default,False,,,,0,['default'],0,default,[],1,1,ChainTrialMakerState
2022-11-30 21:48:42,False,,,{},444,graph_demo,222,2022-11-30 21:48:42,,,True,False,False,ChainTrialMakerState,default,False,,,,0,['default'],0,default,[],1,1,ChainTrialMakerState
2022-11-30 21:48:47,False,,,{},446,graph_demo,223,2022-11-30 21:48:47,,,True,False,False,ChainTrialMakerState,default,False,,,,0,['default'],0,default,[],1,1,ChainTrialMakerState
2022-11-30 21:48:52,False,,,{},448,graph_demo,224,2022-11-30 21:48:52,,,True,False,False,ChainTrialMakerState,default,False,,,,0,['default'],0,default,[],1,1,ChainTrialMakerState
2022-11-30 21:48:57,False,,,{},450,graph_demo,225,2022-11-30 21:48:57,2022-11-30 21:48:57,,True,True,False,ChainTrialMakerState,default,False,,,,0,['default'],0,default,[],0,0,ChainTrialMakerState
2022-11-30 21:49:02,False,,,{},452,graph_demo,226,2022-11-30 21:49:02,2022-11-30 21:49:02,,True,True,False,ChainTrialMakerState,default,False,,,,0,['default'],0,default,[],0,0,ChainTrialMakerState
2022-11-30 21:49:07,False,,,{},454,graph_demo,227,2022-11-30 21:49:07,2022-11-30 21:49:07,,True,True,False,ChainTrialMakerState,default,False,,,,0,['default'],0,default,[],0,0,ChainTrialMakerState
2022-11-30 21:49:12,False,,,{},456,graph_demo,228,2022-11-30 21:49:12,2022-11-30 21:49:12,,True,True,False,ChainTrialMakerState,default,False,,,,0,['default'],0,default,[],0,0,ChainTrialMakerState
2022-11-30 21:49:17,False,,,{},458,graph_demo,229,2022-11-30 21:49:17,2022-11-30 21:49:17,,True,True,False,ChainTrialMakerState,default,False,,,,0,['default'],0,default,[],0,0,ChainTrialMakerState
2022-11-30 21:49:22,False,,,{},460,graph_demo,230,2022-11-30 21:49:22,2022-11-30 21:49:22,,True,True,False,ChainTrialMakerState,default,False,,,,0,['default'],0,default,[],0,0,ChainTrialMakerState
2022-11-30 21:49:27,False,,,{},462,graph_demo,231,2022-11-30 21:49:27,2022-11-30 21:49:27,,True,True,False,ChainTrialMakerState,default,False,,,,0,['default'],0,default,[],0,0,ChainTrialMakerState
2022-11-30 21:49:32,False,,,{},464,graph_demo,232,2022-11-30 21:49:32,2022-11-30 21:49:32,,True,True,False,ChainTrialMakerState,default,False,,,,0,['default'],0,default,[],0,0,ChainTrialMakerState
2022-11-30 21:49:37,False,,,{},466,graph_demo,233,2022-11-30 21:49:37,2022-11-30 21:49:37,,True,True,False,ChainTrialMakerState,default,False,,,,0,['default'],0,default,[],0,0,ChainTrialMakerState
2022-11-30 21:49:42,False,,,{},468,graph_demo,234,2022-11-30 21:49:42,2022-11-30 21:49:42,,True,True,False,ChainTrialMakerState,default,False,,,,0,['default'],0,default,[],0,0,ChainTrialMakerState
2022-11-30 21:49:47,False,,,{},470,graph_demo,235,2022-11-30 21:49:47,2022-11-30 21:49:47,,True,True,False,ChainTrialMakerState,default,False,,,,0,['default'],0,default,[],0,0,ChainTrialMakerState
2022-11-30 21:49:52,False,,,{},472,graph_demo,236,2022-11-30 21:49:52,2022-11-30 21:49:52,,True,True,False,ChainTrialMakerState,default,False,,,,0,['default'],0,default,[],0,0,ChainTrialMakerState
2022-11-30 21:49:57,False,,,{},474,graph_demo,237,2022-11-30 21:49:57,2022-11-30 21:49:57,,True,True,False,ChainTrialMakerState,default,False,,,,0,['default'],0,default,[],0,0,ChainTrialMakerState
2022-11-30 21:50:02,False,,,{},476,graph_demo,238,2022-11-30 21:50:02,2022-11-30 21:50:02,,True,True,False,ChainTrialMakerState,default,False,,,,0,['default'],0,default,[],0,0,ChainTrialMakerState
2022-11-30 21:50:07,False,,,{},478,graph_demo,239,2022-11-30 21:50:07,2022-11-30 21:50:07,,True,True,False,ChainTrialMakerState,default,False,,,,0,['default'],0,default,[],0,0,ChainTrialMakerState
2022-11-30 21:50:12,False,,,{},480,graph_demo,240,2022-11-30 21:50:12,,,True,False,False,ChainTrialMakerState,default,False,,,,0,['default'],0,default,[],1,1,ChainTrialMakerState
2022-11-30 21:50:17,False,,,{},482,graph_demo,241,2022-11-30 21:50:17,,,True,False,False,ChainTrialMakerState,default,False,,,,0,['default'],0,default,[],1,1,ChainTrialMakerState
2022-11-30 21:50:22,False,,,{},484,graph_demo,242,2022-11-30 21:50:22,,,True,False,False,ChainTrialMakerState,default,False,,,,0,['default'],0,default,[],1,1,ChainTrialMakerState
2022-11-30 21:50:27,False,,,{},486,graph_demo,243,2022-11-30 21:50:27,,,True,False,False,ChainTrialMakerState,default,False,,,,0,['default'],0,default,[],1,1,ChainTrialMakerState
2022-11-30 21:50:32,False,,,{},488,graph_demo,244,2022-11-30 21:50:32,,,True,False,False,ChainTrialMakerState,default,False,,,,0,['default'],0,default,[],1,1,ChainTrialMakerState
2022-11-30 21:50:37,False,,,{},490,graph_demo,245,2022-11-30 21:50:37,,,True,False,False,ChainTrialMakerState,default,False,,,,0,['default'],0,default,[],1,1,ChainTrialMakerState
2022-11-30 21:50:42,False,,,{},492,graph_demo,246,2022-11-30 21:50:42,,,True,False,False,ChainTrialMakerState,default,False,,,,0,['default'],0,default,[],1,1,ChainTrialMakerState
2022-11-30 21:50:47,False,,,{},494,graph_demo,247,2022-11-30 21:50:47,,,True,False,False,ChainTrialMakerState,default,False,,,,0,['default'],0,default,[],1,1,ChainTrialMakerState
2022-11-30 21:50:52,False,,,{},496,graph_demo,248,2022-11-30 21:50:52,,,True,False,False,ChainTrialMakerState,default,False,,,,0,['default'],0,default,[],1,1,ChainTrialMakerState
2022-11-30 21:50:57,False,,,{},498,graph_demo,249,2022-11-30 21:50:57,2022-11-30 21:50:57,,True,True,False,ChainTrialMakerState,default,False,,,,0,['default'],0,default,[],0,0,ChainTrialMakerState
2022-11-30 21:51:02,False,,,{},500,graph_demo,250,2022-11-30 21:51:02,2022-11-30 21:51:02,,True,True,False,ChainTrialMakerState,default,False,,,,0,['default'],0,default,[],0,0,ChainTrialMakerState
2022-11-30 21:51:07,False,,,{},502,graph_demo,251,2022-11-30 21:51:07,2022-11-30 21:51:07,,True,True,False,ChainTrialMakerState,default,False,,,,0,['default'],0,default,[],0,0,ChainTrialMakerState
2022-11-30 21:51:12,False,,,{},504,graph_demo,252,2022-11-30 21:51:12,2022-11-30 21:51:12,,True,True,False,ChainTrialMakerState,default,False,,,,0,['default'],0,default,[],0,0,ChainTrialMakerState
2022-11-30 21:51:17,False,,,{},506,graph_demo,253,2022-11-30 21:51:17,2022-11-30 21:51:17,,True,True,False,ChainTrialMakerState,default,False,,,,0,['default'],0,default,[],0,0,ChainTrialMakerState
2022-11-30 21:51:22,False,,,{},508,graph_demo,254,2022-11-30 21:51:22,2022-11-30 21:51:22,,True,True,False,ChainTrialMakerState,default,False,,,,0,['default'],0,default,[],0,0,ChainTrialMakerState
2022-11-30 21:51:27,False,,,{},510,graph_demo,255,2022-11-30 21:51:27,2022-11-30 21:51:27,,True,True,False,ChainTrialMakerState,default,False,,,,0,['default'],0,default,[],0,0,ChainTrialMakerState
2022-11-30 21:51:32,False,,,{},512,graph_demo,256,2022-11-30 21:51:32,2022-11-30 21:51:32,,True,True,False,ChainTrialMakerState,default,False,,,,0,['default'],0,default,[],0,0,ChainTrialMakerState
2022-11-30 21:51:37,False,,,{},514,graph_demo,257,2022-11-30 21:51:37,2022-11-30 21:51:38,,True,True,False,ChainTrialMakerState,default,False,,,,0,['default'],0,default,[],0,0,ChainTrialMakerState
2022-11-30 21:51:42,False,,,{},516,graph_demo,258,2022-11-30 21:51:42,2022-11-30 21:51:43,,True,True,False,ChainTrialMakerState,default,False,,,,0,['default'],0,default,[],0,0,ChainTrialMakerState
2022-11-30 21:51:47,False,,,{},518,graph_demo,259,2022-11-30 21:51:47,2022-11-30 21:51:47,,True,True,False,ChainTrialMakerState,default,False,,,,0,['default'],0,default,[],0,0,ChainTrialMakerState
2022-11-30 21:51:52,False,,,{},520,graph_demo,260,2022-11-30 21:51:52,2022-11-30 21:51:52,,True,True,False,ChainTrialMakerState,default,False,,,,0,['default'],0,default,[],0,0,ChainTrialMakerState
2022-11-30 21:51:57,False,,,{},522,graph_demo,261,2022-11-30 21:51:57,2022-11-30 21:51:57,,True,True,False,ChainTrialMakerState,default,False,,,,0,['default'],0,default,[],0,0,ChainTrialMakerState
2022-11-30 21:52:02,False,,,{},524,graph_demo,262,2022-11-30 21:52:02,2022-11-30 21:52:02,,True,True,False,ChainTrialMakerState,default,False,,,,0,['default'],0,default,[],0,0,ChainTrialMakerState
2022-11-30 21:52:07,False,,,{},526,graph_demo,263,2022-11-30 21:52:07,2022-11-30 21:52:07,,True,True,False,ChainTrialMakerState,default,False,,,,0,['default'],0,default,[],0,0,ChainTrialMakerState
2022-11-30 21:52:12,False,,,{},528,graph_demo,264,2022-11-30 21:52:12,,,True,False,False,ChainTrialMakerState,default,False,,,,0,['default'],0,default,[],1,1,ChainTrialMakerState
2022-11-30 21:52:17,False,,,{},530,graph_demo,265,2022-11-30 21:52:17,,,True,False,False,ChainTrialMakerState,default,False,,,,0,['default'],0,default,[],1,1,ChainTrialMakerState
2022-11-30 21:52:22,False,,,{},532,graph_demo,266,2022-11-30 21:52:22,,,True,False,False,ChainTrialMakerState,default,False,,,,0,['default'],0,default,[],1,1,ChainTrialMakerState
2022-11-30 21:52:27,False,,,{},534,graph_demo,267,2022-11-30 21:52:27,,,True,False,False,ChainTrialMakerState,default,False,,,,0,['default'],0,default,[],1,1,ChainTrialMakerState
2022-11-30 21:52:32,False,,,{},536,graph_demo,268,2022-11-30 21:52:32,,,True,False,False,ChainTrialMakerState,default,False,,,,0,['default'],0,default,[],1,1,ChainTrialMakerState
2022-11-30 21:52:37,False,,,{},538,graph_demo,269,2022-11-30 21:52:37,,,True,False,False,ChainTrialMakerState,default,False,,,,0,['default'],0,default,[],1,1,ChainTrialMakerState
2022-11-30 21:52:42,False,,,{},540,graph_demo,270,2022-11-30 21:52:42,,,True,False,False,ChainTrialMakerState,default,False,,,,0,['default'],0,default,[],1,1,ChainTrialMakerState
2022-11-30 21:52:47,False,,,{},542,graph_demo,271,2022-11-30 21:52:47,,,True,False,False,ChainTrialMakerState,default,False,,,,0,['default'],0,default,[],1,1,ChainTrialMakerState
2022-11-30 21:52:52,False,,,{},544,graph_demo,272,2022-11-30 21:52:52,,,True,False,False,ChainTrialMakerState,default,False,,,,0,['default'],0,default,[],1,1,ChainTrialMakerState
2022-11-30 21:52:57,False,,,{},546,graph_demo,273,2022-11-30 21:52:57,2022-11-30 21:52:57,,True,True,False,ChainTrialMakerState,default,False,,,,0,['default'],0,default,[],0,0,ChainTrialMakerState
2022-11-30 21:53:02,False,,,{},548,graph_demo,274,2022-11-30 21:53:02,2022-11-30 21:53:02,,True,True,False,ChainTrialMakerState,default,False,,,,0,['default'],0,default,[],0,0,ChainTrialMakerState
2022-11-30 21:53:07,False,,,{},550,graph_demo,275,2022-11-30 21:53:07,2022-11-30 21:53:07,,True,True,False,ChainTrialMakerState,default,False,,,,0,['default'],0,default,[],0,0,ChainTrialMakerState
2022-11-30 21:53:12,False,,,{},552,graph_demo,276,2022-11-30 21:53:12,2022-11-30 21:53:12,,True,True,False,ChainTrialMakerState,default,False,,,,0,['default'],0,default,[],0,0,ChainTrialMakerState
2022-11-30 21:53:17,False,,,{},554,graph_demo,277,2022-11-30 21:53:17,2022-11-30 21:53:17,,True,True,False,ChainTrialMakerState,default,False,,,,0,['default'],0,default,[],0,0,ChainTrialMakerState
2022-11-30 21:53:22,False,,,{},556,graph_demo,278,2022-11-30 21:53:22,2022-11-30 21:53:22,,True,True,False,ChainTrialMakerState,default,False,,,,0,['default'],0,default,[],0,0,ChainTrialMakerState
2022-11-30 21:53:27,False,,,{},558,graph_demo,279,2022-11-30 21:53:27,2022-11-30 21:53:27,,True,True,False,ChainTrialMakerState,default,False,,,,0,['default'],0,default,[],0,0,ChainTrialMakerState
2022-11-30 21:53:32,False,,,{},560,graph_demo,280,2022-11-30 21:53:32,2022-11-30 21:53:32,,True,True,False,ChainTrialMakerState,default,False,,,,0,['default'],0,default,[],0,0,ChainTrialMakerState
2022-11-30 21:53:37,False,,,{},562,graph_demo,281,2022-11-30 21:53:37,2022-11-30 21:53:37,,True,True,False,ChainTrialMakerState,default,False,,,,0,['default'],0,default,[],0,0,ChainTrialMakerState
2022-11-30 21:53:42,False,,,{},564,graph_demo,282,2022-11-30 21:53:42,2022-11-30 21:53:42,,True,True,False,ChainTrialMakerState,default,False,,,,0,['default'],0,default,[],0,0,ChainTrialMakerState
2022-11-30 21:53:47,False,,,{},566,graph_demo,283,2022-11-30 21:53:47,2022-11-30 21:53:47,,True,True,False,ChainTrialMakerState,default,False,,,,0,['default'],0,default,[],0,0,ChainTrialMakerState
2022-11-30 21:53:52,False,,,{},568,graph_demo,284,2022-11-30 21:53:52,2022-11-30 21:53:52,,True,True,False,ChainTrialMakerState,default,False,,,,0,['default'],0,default,[],0,0,ChainTrialMakerState
2022-11-30 21:53:57,False,,,{},570,graph_demo,285,2022-11-30 21:53:57,2022-11-30 21:53:57,,True,True,False,ChainTrialMakerState,default,False,,,,0,['default'],0,default,[],0,0,ChainTrialMakerState
2022-11-30 21:54:02,False,,,{},572,graph_demo,286,2022-11-30 21:54:02,2022-11-30 21:54:02,,True,True,False,ChainTrialMakerState,default,False,,,,0,['default'],0,default,[],0,0,ChainTrialMakerState
2022-11-30 21:54:07,False,,,{},574,graph_demo,287,2022-11-30 21:54:07,2022-11-30 21:54:07,,True,True,False,ChainTrialMakerState,default,False,,,,0,['default'],0,default,[],0,0,ChainTrialMakerState
2022-11-30 21:54:12,False,,,{},576,graph_demo,288,2022-11-30 21:54:12,,,True,False,False,ChainTrialMakerState,default,False,,,,0,['default'],0,default,[],1,1,ChainTrialMakerState
2022-11-30 21:54:17,False,,,{},578,graph_demo,289,2022-11-30 21:54:17,,,True,False,False,ChainTrialMakerState,default,False,,,,0,['default'],0,default,[],1,1,ChainTrialMakerState
2022-11-30 21:54:22,False,,,{},580,graph_demo,290,2022-11-30 21:54:22,,,True,False,False,ChainTrialMakerState,default,False,,,,0,['default'],0,default,[],1,1,ChainTrialMakerState
2022-11-30 21:54:27,False,,,{},582,graph_demo,291,2022-11-30 21:54:27,,,True,False,False,ChainTrialMakerState,default,False,,,,0,['default'],0,default,[],1,1,ChainTrialMakerState
2022-11-30 21:54:32,False,,,{},584,graph_demo,292,2022-11-30 21:54:32,,,True,False,False,ChainTrialMakerState,default,False,,,,0,['default'],0,default,[],1,1,ChainTrialMakerState
2022-11-30 21:54:37,False,,,{},586,graph_demo,293,2022-11-30 21:54:37,,,True,False,False,ChainTrialMakerState,default,False,,,,0,['default'],0,default,[],1,1,ChainTrialMakerState
2022-11-30 21:54:42,False,,,{},588,graph_demo,294,2022-11-30 21:54:42,,,True,False,False,ChainTrialMakerState,default,False,,,,0,['default'],0,default,[],1,1,ChainTrialMakerState
2022-11-30 21:54:47,False,,,{},590,graph_demo,295,2022-11-30 21:54:47,,,True,False,False,ChainTrialMakerState,default,False,,,,0,['default'],0,default,[],1,1,ChainTrialMakerState
2022-11-30 21:54:52,False,,,{},592,graph_demo,296,2022-11-30 21:54:52,,,True,False,False,ChainTrialMakerState,default,False,,,,0,['default'],0,default,[],1,1,ChainTrialMakerState
