awaiting_async_process,id,creation_time,failed,failed_reason,time_of_death,type,origin_id,network_id,contents,vars,node_id,participant_id,module_state_id,trial_maker_id,definition,complete,finalized,is_repeat_trial,score,bonus,parent_trial_id,propagate_failure,response_id,repeat_trial_index,n_repeat_trials,time_taken,_initial_assets,time_credit_before_trial,time_credit_after_trial,time_credit_from_trial,block_position,block,class,answer__choose,answer__reproduce,answer
False,1,2022-11-30 21:30:18,False,,,CustomTrial,7,7,,{},7,1,2,graph_demo,"[{'vertex_id': 6, 'content': [2, 2, 0, 1, 2, 0, 0, 1, 2], 'is_center': True}, {'vertex_id': 3, 'content': [0, 1, 0, 1, 0, 2, 2, 0, 2], 'is_center': False}, {'vertex_id': 7, 'content': [1, 1, 1, 2, 1, 0, 0, 2, 2], 'is_center': False}]",True,True,False,,,,True,6.0,,,0.0,{},48.0,68.0,20.0,0,default,CustomTrial,2.0,0.0,
False,2,2022-11-30 21:30:18,False,,,CustomTrial,9,9,,{},9,1,2,graph_demo,"[{'vertex_id': 8, 'content': [1, 0, 0, 2, 0, 0, 2, 2, 2], 'is_center': True}, {'vertex_id': 7, 'content': [1, 1, 1, 2, 1, 0, 0, 2, 2], 'is_center': False}, {'vertex_id': 5, 'content': [0, 0, 2, 0, 2, 0, 0, 0, 1], 'is_center': False}]",True,True,False,,,,True,8.0,,,0.0,{},68.0,88.0,20.0,0,default,CustomTrial,1.0,1.0,
False,3,2022-11-30 21:30:18,False,,,CustomTrial,5,5,,{},5,1,2,graph_demo,"[{'vertex_id': 4, 'content': [0, 1, 0, 2, 1, 1, 0, 0, 2], 'is_center': True}, {'vertex_id': 3, 'content': [0, 1, 0, 1, 0, 2, 2, 0, 2], 'is_center': False}, {'vertex_id': 1, 'content': [0, 2, 1, 0, 2, 2, 0, 1, 2], 'is_center': False}, {'vertex_id': 5, 'content': [0, 0, 2, 0, 2, 0, 0, 0, 1], 'is_center': False}, {'vertex_id': 7, 'content': [1, 1, 1, 2, 1, 0, 0, 2, 2], 'is_center': False}]",True,True,False,,,,True,10.0,,,0.0,{},88.0,108.0,20.0,0,default,CustomTrial,3.0,0.0,
False,4,2022-11-30 21:30:19,False,,,CustomTrial,3,3,,{},3,1,2,graph_demo,"[{'vertex_id': 2, 'content': [0, 1, 1, 0, 1, 2, 0, 2, 0], 'is_center': True}, {'vertex_id': 1, 'content': [0, 2, 1, 0, 2, 2, 0, 1, 2], 'is_center': False}, {'vertex_id': 5, 'content': [0, 0, 2, 0, 2, 0, 0, 0, 1], 'is_center': False}]",True,True,False,,,,True,12.0,,,0.0,{},108.0,128.0,20.0,0,default,CustomTrial,1.0,2.0,
False,5,2022-11-30 21:30:19,False,,,CustomTrial,6,6,,{},6,1,2,graph_demo,"[{'vertex_id': 5, 'content': [0, 0, 2, 0, 2, 0, 0, 0, 1], 'is_center': True}, {'vertex_id': 4, 'content': [0, 1, 0, 2, 1, 1, 0, 0, 2], 'is_center': False}, {'vertex_id': 2, 'content': [0, 1, 1, 0, 1, 2, 0, 2, 0], 'is_center': False}, {'vertex_id': 8, 'content': [1, 0, 0, 2, 0, 0, 2, 2, 2], 'is_center': False}]",True,True,False,,,,True,14.0,,,0.0,{},128.0,148.0,20.0,0,default,CustomTrial,1.0,0.0,
False,6,2022-11-30 21:30:20,False,,,CustomTrial,4,4,,{},4,1,2,graph_demo,"[{'vertex_id': 3, 'content': [0, 1, 0, 1, 0, 2, 2, 0, 2], 'is_center': True}, {'vertex_id': 0, 'content': [2, 1, 2, 0, 2, 2, 1, 0, 0], 'is_center': False}, {'vertex_id': 4, 'content': [0, 1, 0, 2, 1, 1, 0, 0, 2], 'is_center': False}, {'vertex_id': 6, 'content': [2, 2, 0, 1, 2, 0, 0, 1, 2], 'is_center': False}]",True,True,False,,,,True,16.0,,,0.0,{},148.0,168.0,20.0,0,default,CustomTrial,2.0,2.0,
False,7,2022-11-30 21:30:20,False,,,CustomTrial,1,1,,{},1,1,2,graph_demo,"[{'vertex_id': 0, 'content': [2, 1, 2, 0, 2, 2, 1, 0, 0], 'is_center': True}, {'vertex_id': 1, 'content': [0, 2, 1, 0, 2, 2, 0, 1, 2], 'is_center': False}, {'vertex_id': 3, 'content': [0, 1, 0, 1, 0, 2, 2, 0, 2], 'is_center': False}]",True,True,False,,,,True,18.0,,,0.0,{},168.0,188.0,20.0,0,default,CustomTrial,0.0,2.0,
False,8,2022-11-30 21:30:21,False,,,CustomTrial,8,8,,{},8,1,2,graph_demo,"[{'vertex_id': 7, 'content': [1, 1, 1, 2, 1, 0, 0, 2, 2], 'is_center': True}, {'vertex_id': 6, 'content': [2, 2, 0, 1, 2, 0, 0, 1, 2], 'is_center': False}, {'vertex_id': 4, 'content': [0, 1, 0, 2, 1, 1, 0, 0, 2], 'is_center': False}, {'vertex_id': 8, 'content': [1, 0, 0, 2, 0, 0, 2, 2, 2], 'is_center': False}]",True,True,False,,,,True,20.0,,,0.0,{},188.0,208.0,20.0,0,default,CustomTrial,1.0,1.0,
False,9,2022-11-30 21:30:21,False,,,CustomTrial,2,2,,{},2,1,2,graph_demo,"[{'vertex_id': 1, 'content': [0, 2, 1, 0, 2, 2, 0, 1, 2], 'is_center': True}, {'vertex_id': 0, 'content': [2, 1, 2, 0, 2, 2, 1, 0, 0], 'is_center': False}, {'vertex_id': 2, 'content': [0, 1, 1, 0, 1, 2, 0, 2, 0], 'is_center': False}, {'vertex_id': 4, 'content': [0, 1, 0, 2, 1, 1, 0, 0, 2], 'is_center': False}]",True,True,False,,,,True,22.0,,,0.0,{},208.0,228.0,20.0,0,default,CustomTrial,1.0,1.0,
False,10,2022-11-30 21:30:22,True,response_timeout,2022-11-30 21:32:12,CustomTrial,18,5,,{},18,2,4,graph_demo,[0],False,False,False,,,,True,,,,,{},48.0,,,0,default,CustomTrial,,,
False,11,2022-11-30 21:30:27,True,response_timeout,2022-11-30 21:32:12,CustomTrial,16,1,,{},16,3,6,graph_demo,[2],False,False,False,,,,True,,,,,{},48.0,,,0,default,CustomTrial,,,
False,12,2022-11-30 21:30:32,True,response_timeout,2022-11-30 21:32:12,CustomTrial,15,2,,{},15,4,8,graph_demo,[1],False,False,False,,,,True,,,,,{},48.0,,,0,default,CustomTrial,,,
False,13,2022-11-30 21:30:37,True,response_timeout,2022-11-30 21:32:12,CustomTrial,13,7,,{},13,5,10,graph_demo,[0],False,False,False,,,,True,,,,,{},48.0,,,0,default,CustomTrial,,,
False,14,2022-11-30 21:30:42,True,response_timeout,2022-11-30 21:32:12,CustomTrial,12,8,,{},12,6,12,graph_demo,[1],False,False,False,,,,True,,,,,{},48.0,,,0,default,CustomTrial,,,
False,15,2022-11-30 21:30:47,True,response_timeout,2022-11-30 21:32:12,CustomTrial,10,6,,{},10,7,14,graph_demo,[0],False,False,False,,,,True,,,,,{},48.0,,,0,default,CustomTrial,,,
False,16,2022-11-30 21:30:52,True,response_timeout,2022-11-30 21:32:12,CustomTrial,11,4,,{},11,8,16,graph_demo,[2],False,False,False,,,,True,,,,,{},48.0,,,0,default,CustomTrial,,,
False,17,2022-11-30 21:30:57,True,response_timeout,2022-11-30 21:32:12,CustomTrial,14,9,,{},14,9,18,graph_demo,[1],False,False,False,,,,True,,,,,{},48.0,,,0,default,CustomTrial,,,
False,18,2022-11-30 21:31:02,True,response_timeout,2022-11-30 21:32:12,CustomTrial,17,3,,{},17,10,20,graph_demo,[2],False,False,False,,,,True,,,,,{},48.0,,,0,default,CustomTrial,,,
False,19,2022-11-30 21:32:12,True,response_timeout,2022-11-30 21:34:12,CustomTrial,18,5,,{},18,24,48,graph_demo,[0],False,False,False,,,,True,,,,,{},48.0,,,0,default,CustomTrial,,,
False,20,2022-11-30 21:32:17,True,response_timeout,2022-11-30 21:34:12,CustomTrial,13,7,,{},13,25,50,graph_demo,[0],False,False,False,,,,True,,,,,{},48.0,,,0,default,CustomTrial,,,
False,21,2022-11-30 21:32:22,True,response_timeout,2022-11-30 21:34:12,CustomTrial,17,3,,{},17,26,52,graph_demo,[2],False,False,False,,,,True,,,,,{},48.0,,,0,default,CustomTrial,,,
False,22,2022-11-30 21:32:27,True,response_timeout,2022-11-30 21:34:12,CustomTrial,10,6,,{},10,27,54,graph_demo,[0],False,False,False,,,,True,,,,,{},48.0,,,0,default,CustomTrial,,,
False,23,2022-11-30 21:32:32,True,response_timeout,2022-11-30 21:34:12,CustomTrial,12,8,,{},12,28,56,graph_demo,[1],False,False,False,,,,True,,,,,{},48.0,,,0,default,CustomTrial,,,
False,24,2022-11-30 21:32:37,True,response_timeout,2022-11-30 21:34:12,CustomTrial,15,2,,{},15,29,58,graph_demo,[1],False,False,False,,,,True,,,,,{},48.0,,,0,default,CustomTrial,,,
False,25,2022-11-30 21:32:42,True,response_timeout,2022-11-30 21:34:12,CustomTrial,11,4,,{},11,30,60,graph_demo,[2],False,False,False,,,,True,,,,,{},48.0,,,0,default,CustomTrial,,,
False,26,2022-11-30 21:32:47,True,response_timeout,2022-11-30 21:34:12,CustomTrial,16,1,,{},16,31,62,graph_demo,[2],False,False,False,,,,True,,,,,{},48.0,,,0,default,CustomTrial,,,
False,27,2022-11-30 21:32:52,True,response_timeout,2022-11-30 21:34:12,CustomTrial,14,9,,{},14,32,64,graph_demo,[1],False,False,False,,,,True,,,,,{},48.0,,,0,default,CustomTrial,,,
False,28,2022-11-30 21:34:12,True,response_timeout,2022-11-30 21:36:12,CustomTrial,13,7,,{},13,48,96,graph_demo,[0],False,False,False,,,,True,,,,,{},48.0,,,0,default,CustomTrial,,,
False,29,2022-11-30 21:34:17,True,response_timeout,2022-11-30 21:36:12,CustomTrial,12,8,,{},12,49,98,graph_demo,[1],False,False,False,,,,True,,,,,{},48.0,,,0,default,CustomTrial,,,
False,30,2022-11-30 21:34:22,True,response_timeout,2022-11-30 21:36:12,CustomTrial,15,2,,{},15,50,100,graph_demo,[1],False,False,False,,,,True,,,,,{},48.0,,,0,default,CustomTrial,,,
False,31,2022-11-30 21:34:27,True,response_timeout,2022-11-30 21:36:12,CustomTrial,18,5,,{},18,51,102,graph_demo,[0],False,False,False,,,,True,,,,,{},48.0,,,0,default,CustomTrial,,,
False,32,2022-11-30 21:34:32,True,response_timeout,2022-11-30 21:36:12,CustomTrial,16,1,,{},16,52,104,graph_demo,[2],False,False,False,,,,True,,,,,{},48.0,,,0,default,CustomTrial,,,
False,33,2022-11-30 21:34:37,True,response_timeout,2022-11-30 21:36:12,CustomTrial,17,3,,{},17,53,106,graph_demo,[2],False,False,False,,,,True,,,,,{},48.0,,,0,default,CustomTrial,,,
False,34,2022-11-30 21:34:42,True,response_timeout,2022-11-30 21:36:12,CustomTrial,10,6,,{},10,54,108,graph_demo,[0],False,False,False,,,,True,,,,,{},48.0,,,0,default,CustomTrial,,,
False,35,2022-11-30 21:34:47,True,response_timeout,2022-11-30 21:36:12,CustomTrial,14,9,,{},14,55,110,graph_demo,[1],False,False,False,,,,True,,,,,{},48.0,,,0,default,CustomTrial,,,
False,36,2022-11-30 21:34:52,True,response_timeout,2022-11-30 21:36:12,CustomTrial,11,4,,{},11,56,112,graph_demo,[2],False,False,False,,,,True,,,,,{},48.0,,,0,default,CustomTrial,,,
False,37,2022-11-30 21:36:12,True,response_timeout,2022-11-30 21:38:12,CustomTrial,17,3,,{},17,72,144,graph_demo,[2],False,False,False,,,,True,,,,,{},48.0,,,0,default,CustomTrial,,,
False,38,2022-11-30 21:36:17,True,response_timeout,2022-11-30 21:38:12,CustomTrial,15,2,,{},15,73,146,graph_demo,[1],False,False,False,,,,True,,,,,{},48.0,,,0,default,CustomTrial,,,
False,39,2022-11-30 21:36:22,True,response_timeout,2022-11-30 21:38:12,CustomTrial,13,7,,{},13,74,148,graph_demo,[0],False,False,False,,,,True,,,,,{},48.0,,,0,default,CustomTrial,,,
False,40,2022-11-30 21:36:27,True,response_timeout,2022-11-30 21:38:12,CustomTrial,12,8,,{},12,75,150,graph_demo,[1],False,False,False,,,,True,,,,,{},48.0,,,0,default,CustomTrial,,,
False,41,2022-11-30 21:36:32,True,response_timeout,2022-11-30 21:38:12,CustomTrial,18,5,,{},18,76,152,graph_demo,[0],False,False,False,,,,True,,,,,{},48.0,,,0,default,CustomTrial,,,
False,42,2022-11-30 21:36:37,True,response_timeout,2022-11-30 21:38:12,CustomTrial,16,1,,{},16,77,154,graph_demo,[2],False,False,False,,,,True,,,,,{},48.0,,,0,default,CustomTrial,,,
False,43,2022-11-30 21:36:43,True,response_timeout,2022-11-30 21:38:12,CustomTrial,10,6,,{},10,78,156,graph_demo,[0],False,False,False,,,,True,,,,,{},48.0,,,0,default,CustomTrial,,,
False,44,2022-11-30 21:36:47,True,response_timeout,2022-11-30 21:38:12,CustomTrial,11,4,,{},11,79,158,graph_demo,[2],False,False,False,,,,True,,,,,{},48.0,,,0,default,CustomTrial,,,
False,45,2022-11-30 21:36:52,True,response_timeout,2022-11-30 21:38:12,CustomTrial,14,9,,{},14,80,160,graph_demo,[1],False,False,False,,,,True,,,,,{},48.0,,,0,default,CustomTrial,,,
False,46,2022-11-30 21:38:12,True,response_timeout,2022-11-30 21:40:12,CustomTrial,17,3,,{},17,96,192,graph_demo,[2],False,False,False,,,,True,,,,,{},48.0,,,0,default,CustomTrial,,,
False,47,2022-11-30 21:38:17,True,response_timeout,2022-11-30 21:40:12,CustomTrial,12,8,,{},12,97,194,graph_demo,[1],False,False,False,,,,True,,,,,{},48.0,,,0,default,CustomTrial,,,
False,48,2022-11-30 21:38:22,True,response_timeout,2022-11-30 21:40:12,CustomTrial,14,9,,{},14,98,196,graph_demo,[1],False,False,False,,,,True,,,,,{},48.0,,,0,default,CustomTrial,,,
False,49,2022-11-30 21:38:27,True,response_timeout,2022-11-30 21:40:12,CustomTrial,18,5,,{},18,99,198,graph_demo,[0],False,False,False,,,,True,,,,,{},48.0,,,0,default,CustomTrial,,,
False,50,2022-11-30 21:38:32,True,response_timeout,2022-11-30 21:40:12,CustomTrial,11,4,,{},11,100,200,graph_demo,[2],False,False,False,,,,True,,,,,{},48.0,,,0,default,CustomTrial,,,
False,51,2022-11-30 21:38:37,True,response_timeout,2022-11-30 21:40:12,CustomTrial,16,1,,{},16,101,202,graph_demo,[2],False,False,False,,,,True,,,,,{},48.0,,,0,default,CustomTrial,,,
False,52,2022-11-30 21:38:42,True,response_timeout,2022-11-30 21:40:12,CustomTrial,13,7,,{},13,102,204,graph_demo,[0],False,False,False,,,,True,,,,,{},48.0,,,0,default,CustomTrial,,,
False,53,2022-11-30 21:38:47,True,response_timeout,2022-11-30 21:40:12,CustomTrial,10,6,,{},10,103,206,graph_demo,[0],False,False,False,,,,True,,,,,{},48.0,,,0,default,CustomTrial,,,
False,54,2022-11-30 21:38:52,True,response_timeout,2022-11-30 21:40:12,CustomTrial,15,2,,{},15,104,208,graph_demo,[1],False,False,False,,,,True,,,,,{},48.0,,,0,default,CustomTrial,,,
False,55,2022-11-30 21:40:12,True,response_timeout,2022-11-30 21:42:12,CustomTrial,15,2,,{},15,120,240,graph_demo,[1],False,False,False,,,,True,,,,,{},48.0,,,0,default,CustomTrial,,,
False,56,2022-11-30 21:40:17,True,response_timeout,2022-11-30 21:42:12,CustomTrial,16,1,,{},16,121,242,graph_demo,[2],False,False,False,,,,True,,,,,{},48.0,,,0,default,CustomTrial,,,
False,57,2022-11-30 21:40:22,True,response_timeout,2022-11-30 21:42:12,CustomTrial,10,6,,{},10,122,244,graph_demo,[0],False,False,False,,,,True,,,,,{},48.0,,,0,default,CustomTrial,,,
False,58,2022-11-30 21:40:27,True,response_timeout,2022-11-30 21:42:12,CustomTrial,17,3,,{},17,123,246,graph_demo,[2],False,False,False,,,,True,,,,,{},48.0,,,0,default,CustomTrial,,,
False,59,2022-11-30 21:40:33,True,response_timeout,2022-11-30 21:42:12,CustomTrial,11,4,,{},11,124,248,graph_demo,[2],False,False,False,,,,True,,,,,{},48.0,,,0,default,CustomTrial,,,
False,60,2022-11-30 21:40:37,True,response_timeout,2022-11-30 21:42:12,CustomTrial,13,7,,{},13,125,250,graph_demo,[0],False,False,False,,,,True,,,,,{},48.0,,,0,default,CustomTrial,,,
False,61,2022-11-30 21:40:42,True,response_timeout,2022-11-30 21:42:12,CustomTrial,12,8,,{},12,126,252,graph_demo,[1],False,False,False,,,,True,,,,,{},48.0,,,0,default,CustomTrial,,,
False,62,2022-11-30 21:40:47,True,response_timeout,2022-11-30 21:42:12,CustomTrial,18,5,,{},18,127,254,graph_demo,[0],False,False,False,,,,True,,,,,{},48.0,,,0,default,CustomTrial,,,
False,63,2022-11-30 21:40:52,True,response_timeout,2022-11-30 21:42:12,CustomTrial,14,9,,{},14,128,256,graph_demo,[1],False,False,False,,,,True,,,,,{},48.0,,,0,default,CustomTrial,,,
False,64,2022-11-30 21:42:12,True,response_timeout,2022-11-30 21:44:12,CustomTrial,13,7,,{},13,144,288,graph_demo,[0],False,False,False,,,,True,,,,,{},48.0,,,0,default,CustomTrial,,,
False,65,2022-11-30 21:42:17,True,response_timeout,2022-11-30 21:44:12,CustomTrial,16,1,,{},16,145,290,graph_demo,[2],False,False,False,,,,True,,,,,{},48.0,,,0,default,CustomTrial,,,
False,66,2022-11-30 21:42:22,True,response_timeout,2022-11-30 21:44:12,CustomTrial,11,4,,{},11,146,292,graph_demo,[2],False,False,False,,,,True,,,,,{},48.0,,,0,default,CustomTrial,,,
False,67,2022-11-30 21:42:27,True,response_timeout,2022-11-30 21:44:12,CustomTrial,10,6,,{},10,147,294,graph_demo,[0],False,False,False,,,,True,,,,,{},48.0,,,0,default,CustomTrial,,,
False,68,2022-11-30 21:42:32,True,response_timeout,2022-11-30 21:44:12,CustomTrial,17,3,,{},17,148,296,graph_demo,[2],False,False,False,,,,True,,,,,{},48.0,,,0,default,CustomTrial,,,
False,69,2022-11-30 21:42:37,True,response_timeout,2022-11-30 21:44:12,CustomTrial,14,9,,{},14,149,298,graph_demo,[1],False,False,False,,,,True,,,,,{},48.0,,,0,default,CustomTrial,,,
False,70,2022-11-30 21:42:42,True,response_timeout,2022-11-30 21:44:12,CustomTrial,15,2,,{},15,150,300,graph_demo,[1],False,False,False,,,,True,,,,,{},48.0,,,0,default,CustomTrial,,,
False,71,2022-11-30 21:42:47,True,response_timeout,2022-11-30 21:44:12,CustomTrial,18,5,,{},18,151,302,graph_demo,[0],False,False,False,,,,True,,,,,{},48.0,,,0,default,CustomTrial,,,
False,72,2022-11-30 21:42:52,True,response_timeout,2022-11-30 21:44:12,CustomTrial,12,8,,{},12,152,304,graph_demo,[1],False,False,False,,,,True,,,,,{},48.0,,,0,default,CustomTrial,,,
False,73,2022-11-30 21:44:12,True,response_timeout,2022-11-30 21:46:12,CustomTrial,11,4,,{},11,168,336,graph_demo,[2],False,False,False,,,,True,,,,,{},48.0,,,0,default,CustomTrial,,,
False,74,2022-11-30 21:44:17,True,response_timeout,2022-11-30 21:46:12,CustomTrial,12,8,,{},12,169,338,graph_demo,[1],False,False,False,,,,True,,,,,{},48.0,,,0,default,CustomTrial,,,
False,75,2022-11-30 21:44:22,True,response_timeout,2022-11-30 21:46:12,CustomTrial,18,5,,{},18,170,340,graph_demo,[0],False,False,False,,,,True,,,,,{},48.0,,,0,default,CustomTrial,,,
False,76,2022-11-30 21:44:27,True,response_timeout,2022-11-30 21:46:12,CustomTrial,17,3,,{},17,171,342,graph_demo,[2],False,False,False,,,,True,,,,,{},48.0,,,0,default,CustomTrial,,,
False,77,2022-11-30 21:44:32,True,response_timeout,2022-11-30 21:46:12,CustomTrial,16,1,,{},16,172,344,graph_demo,[2],False,False,False,,,,True,,,,,{},48.0,,,0,default,CustomTrial,,,
False,78,2022-11-30 21:44:37,True,response_timeout,2022-11-30 21:46:12,CustomTrial,15,2,,{},15,173,346,graph_demo,[1],False,False,False,,,,True,,,,,{},48.0,,,0,default,CustomTrial,,,
False,79,2022-11-30 21:44:42,True,response_timeout,2022-11-30 21:46:12,CustomTrial,14,9,,{},14,174,348,graph_demo,[1],False,False,False,,,,True,,,,,{},48.0,,,0,default,CustomTrial,,,
False,80,2022-11-30 21:44:47,True,response_timeout,2022-11-30 21:46:12,CustomTrial,13,7,,{},13,175,350,graph_demo,[0],False,False,False,,,,True,,,,,{},48.0,,,0,default,CustomTrial,,,
False,81,2022-11-30 21:44:52,True,response_timeout,2022-11-30 21:46:12,CustomTrial,10,6,,{},10,176,352,graph_demo,[0],False,False,False,,,,True,,,,,{},48.0,,,0,default,CustomTrial,,,
False,82,2022-11-30 21:46:12,True,response_timeout,2022-11-30 21:48:12,CustomTrial,14,9,,{},14,192,384,graph_demo,[1],False,False,False,,,,True,,,,,{},48.0,,,0,default,CustomTrial,,,
False,83,2022-11-30 21:46:17,True,response_timeout,2022-11-30 21:48:12,CustomTrial,12,8,,{},12,193,386,graph_demo,[1],False,False,False,,,,True,,,,,{},48.0,,,0,default,CustomTrial,,,
False,84,2022-11-30 21:46:22,True,response_timeout,2022-11-30 21:48:12,CustomTrial,18,5,,{},18,194,388,graph_demo,[0],False,False,False,,,,True,,,,,{},48.0,,,0,default,CustomTrial,,,
False,85,2022-11-30 21:46:27,True,response_timeout,2022-11-30 21:48:12,CustomTrial,16,1,,{},16,195,390,graph_demo,[2],False,False,False,,,,True,,,,,{},48.0,,,0,default,CustomTrial,,,
False,86,2022-11-30 21:46:32,True,response_timeout,2022-11-30 21:48:12,CustomTrial,15,2,,{},15,196,392,graph_demo,[1],False,False,False,,,,True,,,,,{},48.0,,,0,default,CustomTrial,,,
False,87,2022-11-30 21:46:37,True,response_timeout,2022-11-30 21:48:12,CustomTrial,11,4,,{},11,197,394,graph_demo,[2],False,False,False,,,,True,,,,,{},48.0,,,0,default,CustomTrial,,,
False,88,2022-11-30 21:46:42,True,response_timeout,2022-11-30 21:48:12,CustomTrial,10,6,,{},10,198,396,graph_demo,[0],False,False,False,,,,True,,,,,{},48.0,,,0,default,CustomTrial,,,
False,89,2022-11-30 21:46:47,True,response_timeout,2022-11-30 21:48:12,CustomTrial,17,3,,{},17,199,398,graph_demo,[2],False,False,False,,,,True,,,,,{},48.0,,,0,default,CustomTrial,,,
False,90,2022-11-30 21:46:52,True,response_timeout,2022-11-30 21:48:12,CustomTrial,13,7,,{},13,200,400,graph_demo,[0],False,False,False,,,,True,,,,,{},48.0,,,0,default,CustomTrial,,,
False,91,2022-11-30 21:48:12,True,response_timeout,2022-11-30 21:50:12,CustomTrial,12,8,,{},12,216,432,graph_demo,[1],False,False,False,,,,True,,,,,{},48.0,,,0,default,CustomTrial,,,
False,92,2022-11-30 21:48:17,True,response_timeout,2022-11-30 21:50:12,CustomTrial,10,6,,{},10,217,434,graph_demo,[0],False,False,False,,,,True,,,,,{},48.0,,,0,default,CustomTrial,,,
False,93,2022-11-30 21:48:22,True,response_timeout,2022-11-30 21:50:12,CustomTrial,17,3,,{},17,218,436,graph_demo,[2],False,False,False,,,,True,,,,,{},48.0,,,0,default,CustomTrial,,,
False,94,2022-11-30 21:48:27,True,response_timeout,2022-11-30 21:50:12,CustomTrial,14,9,,{},14,219,438,graph_demo,[1],False,False,False,,,,True,,,,,{},48.0,,,0,default,CustomTrial,,,
False,95,2022-11-30 21:48:32,True,response_timeout,2022-11-30 21:50:12,CustomTrial,16,1,,{},16,220,440,graph_demo,[2],False,False,False,,,,True,,,,,{},48.0,,,0,default,CustomTrial,,,
False,96,2022-11-30 21:48:37,True,response_timeout,2022-11-30 21:50:12,CustomTrial,15,2,,{},15,221,442,graph_demo,[1],False,False,False,,,,True,,,,,{},48.0,,,0,default,CustomTrial,,,
False,97,2022-11-30 21:48:42,True,response_timeout,2022-11-30 21:50:12,CustomTrial,11,4,,{},11,222,444,graph_demo,[2],False,False,False,,,,True,,,,,{},48.0,,,0,default,CustomTrial,,,
False,98,2022-11-30 21:48:48,True,response_timeout,2022-11-30 21:50:12,CustomTrial,18,5,,{},18,223,446,graph_demo,[0],False,False,False,,,,True,,,,,{},48.0,,,0,default,CustomTrial,,,
False,99,2022-11-30 21:48:52,True,response_timeout,2022-11-30 21:50:12,CustomTrial,13,7,,{},13,224,448,graph_demo,[0],False,False,False,,,,True,,,,,{},48.0,,,0,default,CustomTrial,,,
False,100,2022-11-30 21:50:12,True,response_timeout,2022-11-30 21:52:12,CustomTrial,16,1,,{},16,240,480,graph_demo,[2],False,False,False,,,,True,,,,,{},48.0,,,0,default,CustomTrial,,,
False,101,2022-11-30 21:50:17,True,response_timeout,2022-11-30 21:52:12,CustomTrial,10,6,,{},10,241,482,graph_demo,[0],False,False,False,,,,True,,,,,{},48.0,,,0,default,CustomTrial,,,
False,102,2022-11-30 21:50:22,True,response_timeout,2022-11-30 21:52:12,CustomTrial,18,5,,{},18,242,484,graph_demo,[0],False,False,False,,,,True,,,,,{},48.0,,,0,default,CustomTrial,,,
False,103,2022-11-30 21:50:27,True,response_timeout,2022-11-30 21:52:12,CustomTrial,14,9,,{},14,243,486,graph_demo,[1],False,False,False,,,,True,,,,,{},48.0,,,0,default,CustomTrial,,,
False,104,2022-11-30 21:50:32,True,response_timeout,2022-11-30 21:52:12,CustomTrial,17,3,,{},17,244,488,graph_demo,[2],False,False,False,,,,True,,,,,{},48.0,,,0,default,CustomTrial,,,
False,105,2022-11-30 21:50:37,True,response_timeout,2022-11-30 21:52:12,CustomTrial,15,2,,{},15,245,490,graph_demo,[1],False,False,False,,,,True,,,,,{},48.0,,,0,default,CustomTrial,,,
False,106,2022-11-30 21:50:42,True,response_timeout,2022-11-30 21:52:12,CustomTrial,13,7,,{},13,246,492,graph_demo,[0],False,False,False,,,,True,,,,,{},48.0,,,0,default,CustomTrial,,,
False,107,2022-11-30 21:50:47,True,response_timeout,2022-11-30 21:52:12,CustomTrial,12,8,,{},12,247,494,graph_demo,[1],False,False,False,,,,True,,,,,{},48.0,,,0,default,CustomTrial,,,
False,108,2022-11-30 21:50:52,True,response_timeout,2022-11-30 21:52:12,CustomTrial,11,4,,{},11,248,496,graph_demo,[2],False,False,False,,,,True,,,,,{},48.0,,,0,default,CustomTrial,,,
False,109,2022-11-30 21:52:12,True,response_timeout,2022-11-30 21:54:12,CustomTrial,13,7,,{},13,264,528,graph_demo,[0],False,False,False,,,,True,,,,,{},48.0,,,0,default,CustomTrial,,,
False,110,2022-11-30 21:52:17,True,response_timeout,2022-11-30 21:54:12,CustomTrial,15,2,,{},15,265,530,graph_demo,[1],False,False,False,,,,True,,,,,{},48.0,,,0,default,CustomTrial,,,
False,111,2022-11-30 21:52:22,True,response_timeout,2022-11-30 21:54:12,CustomTrial,12,8,,{},12,266,532,graph_demo,[1],False,False,False,,,,True,,,,,{},48.0,,,0,default,CustomTrial,,,
False,112,2022-11-30 21:52:27,True,response_timeout,2022-11-30 21:54:12,CustomTrial,17,3,,{},17,267,534,graph_demo,[2],False,False,False,,,,True,,,,,{},48.0,,,0,default,CustomTrial,,,
False,113,2022-11-30 21:52:32,True,response_timeout,2022-11-30 21:54:12,CustomTrial,18,5,,{},18,268,536,graph_demo,[0],False,False,False,,,,True,,,,,{},48.0,,,0,default,CustomTrial,,,
False,114,2022-11-30 21:52:37,True,response_timeout,2022-11-30 21:54:12,CustomTrial,10,6,,{},10,269,538,graph_demo,[0],False,False,False,,,,True,,,,,{},48.0,,,0,default,CustomTrial,,,
False,115,2022-11-30 21:52:42,True,response_timeout,2022-11-30 21:54:12,CustomTrial,16,1,,{},16,270,540,graph_demo,[2],False,False,False,,,,True,,,,,{},48.0,,,0,default,CustomTrial,,,
False,116,2022-11-30 21:52:47,True,response_timeout,2022-11-30 21:54:12,CustomTrial,14,9,,{},14,271,542,graph_demo,[1],False,False,False,,,,True,,,,,{},48.0,,,0,default,CustomTrial,,,
False,117,2022-11-30 21:52:52,True,response_timeout,2022-11-30 21:54:12,CustomTrial,11,4,,{},11,272,544,graph_demo,[2],False,False,False,,,,True,,,,,{},48.0,,,0,default,CustomTrial,,,
False,118,2022-11-30 21:54:12,False,,,CustomTrial,17,3,,{},17,288,576,graph_demo,[2],False,False,False,,,,True,,,,,{},48.0,,,0,default,CustomTrial,,,
False,119,2022-11-30 21:54:17,False,,,CustomTrial,11,4,,{},11,289,578,graph_demo,[2],False,False,False,,,,True,,,,,{},48.0,,,0,default,CustomTrial,,,
False,120,2022-11-30 21:54:22,False,,,CustomTrial,15,2,,{},15,290,580,graph_demo,[1],False,False,False,,,,True,,,,,{},48.0,,,0,default,CustomTrial,,,
False,121,2022-11-30 21:54:27,False,,,CustomTrial,16,1,,{},16,291,582,graph_demo,[2],False,False,False,,,,True,,,,,{},48.0,,,0,default,CustomTrial,,,
False,122,2022-11-30 21:54:32,False,,,CustomTrial,10,6,,{},10,292,584,graph_demo,[0],False,False,False,,,,True,,,,,{},48.0,,,0,default,CustomTrial,,,
False,123,2022-11-30 21:54:37,False,,,CustomTrial,13,7,,{},13,293,586,graph_demo,[0],False,False,False,,,,True,,,,,{},48.0,,,0,default,CustomTrial,,,
False,124,2022-11-30 21:54:42,False,,,CustomTrial,18,5,,{},18,294,588,graph_demo,[0],False,False,False,,,,True,,,,,{},48.0,,,0,default,CustomTrial,,,
False,125,2022-11-30 21:54:47,False,,,CustomTrial,14,9,,{},14,295,590,graph_demo,[1],False,False,False,,,,True,,,,,{},48.0,,,0,default,CustomTrial,,,
False,126,2022-11-30 21:54:52,False,,,CustomTrial,12,8,,{},12,296,592,graph_demo,[1],False,False,False,,,,True,,,,,{},48.0,,,0,default,CustomTrial,,,
